opportunity_id,account,product,sales_agent,manager,office,deal_stage,engage_date,close_date,effective_value,win_probability,deal_rating,expected_revenue,top_contributing_factors
1LY8CAXD,Betasoloin,GTK 500,Rosalina Dieter,Celia Rouche,West,Engaging,2017-09-27,,26768,0.7640449438202247,A,20451.96,"+days_since_engage(+0.19), +pipeline_velocity(+0.16)"
GG85QBTM,Lexiqvolax,GTK 500,Elease Gluck,Celia Rouche,West,Engaging,2017-06-10,,26768,0.6821052631578948,BBB,18258.59,"+days_since_engage(+0.16), +pipeline_velocity(+0.16)"
125VIRMX,Warephase,GTK 500,Elease Gluck,Celia Rouche,West,Engaging,2016-12-19,,26768,0.6821052631578948,BBB,18258.59,"+days_since_engage(+0.16), +pipeline_velocity(+0.16)"
DJMPI9TO,Xx-zobam,GTK 500,Elease Gluck,Celia Rouche,West,Engaging,2017-04-18,,26768,0.6821052631578948,BBB,18258.59,"+days_since_engage(+0.16), +pipeline_velocity(+0.16)"
021Z2J9L,Rundofase,GTK 500,Markita Hansen,Celia Rouche,West,Engaging,2017-07-23,,26768,0.6496815286624202,BBB,17390.68,"+days_since_engage(+0.16), +pipeline_velocity(+0.16)"
5URQT67R,Treequote,GTK 500,Markita Hansen,Celia Rouche,West,Engaging,2017-06-14,,26768,0.6496815286624202,BBB,17390.68,"+days_since_engage(+0.16), +pipeline_velocity(+0.16)"
SCS5H8V1,Vehement Capital Partners,GTK 500,Markita Hansen,Celia Rouche,West,Engaging,2017-02-14,,26768,0.6496815286624202,BBB,17390.68,"+days_since_engage(+0.16), +pipeline_velocity(+0.16)"
MV227O65,Sonron,GTX Plus Pro,Maureen Marcano,Summer Sewald,West,Engaging,2017-05-11,,5482,0.7640449438202247,A,4188.49,"+days_since_engage(+0.16), +pipeline_velocity(+0.16)"
18YA4UUP,Xx-zobam,GTX Plus Pro,Versie Hillebrand,Dustin Brinkmann,Central,Engaging,2017-07-27,,5482,0.7640449438202247,A,4188.49,"+days_since_engage(+0.16), +pipeline_velocity(+0.16)"
7GDSUY9K,Konmatfix,GTX Plus Pro,Hayden Neloms,Celia Rouche,West,Engaging,2017-09-05,,5482,0.7640449438202247,A,4188.49,"+days_since_engage(+0.16), +pipeline_velocity(+0.16)"
5VYJCJAE,Zoomit,GTX Plus Pro,Corliss Cosme,Cara Losch,East,Engaging,2017-01-15,,5482,0.7640449438202247,A,4188.49,"+days_since_engage(+0.16), +pipeline_velocity(+0.16)"
2BXYT4PD,Funholding,GTX Plus Pro,Hayden Neloms,Celia Rouche,West,Engaging,2017-05-18,,5482,0.7640449438202247,A,4188.49,"+days_since_engage(+0.16), +pipeline_velocity(+0.16)"
OLGT0VHP,Statholdings,GTX Plus Pro,James Ascencio,Summer Sewald,West,Engaging,2017-05-01,,5482,0.7640449438202247,A,4188.49,"+days_since_engage(+0.16), +pipeline_velocity(+0.16)"
WRKPDK7O,Hatfan,GTX Plus Pro,Versie Hillebrand,Dustin Brinkmann,Central,Engaging,2017-08-01,,5482,0.7640449438202247,A,4188.49,"+days_since_engage(+0.16), +pipeline_velocity(+0.16)"
HU970PDK,Donquadtech,GTX Plus Pro,James Ascencio,Summer Sewald,West,Engaging,2017-05-18,,5482,0.7640449438202247,A,4188.49,"+days_since_engage(+0.16), +pipeline_velocity(+0.16)"
HF74MC9F,Ganjaflex,GTX Plus Pro,Corliss Cosme,Cara Losch,East,Engaging,2017-05-06,,5482,0.7640449438202247,A,4188.49,"+days_since_engage(+0.16), +pipeline_velocity(+0.16)"
EF24VTVA,Kinnamplus,GTX Plus Pro,James Ascencio,Summer Sewald,West,Engaging,2017-05-14,,5482,0.7640449438202247,A,4188.49,"+days_since_engage(+0.16), +pipeline_velocity(+0.16)"
F3EOBN5A,Genco Pura Olive Oil Company,GTX Plus Pro,Moses Frase,Dustin Brinkmann,Central,Engaging,2017-07-20,,5482,0.7640449438202247,A,4188.49,"+days_since_engage(+0.16), +pipeline_velocity(+0.16)"
AY3KTIXX,Cheers,GTX Plus Pro,James Ascencio,Summer Sewald,West,Engaging,2017-06-08,,5482,0.7640449438202247,A,4188.49,"+days_since_engage(+0.16), +pipeline_velocity(+0.16)"
CVFUMOK9,Rangreen,GTX Plus Pro,Corliss Cosme,Cara Losch,East,Engaging,2017-04-12,,5482,0.7640449438202247,A,4188.49,"+days_since_engage(+0.16), +pipeline_velocity(+0.16)"
WZN26QZQ,Lexiqvolax,GTX Plus Pro,Corliss Cosme,Cara Losch,East,Engaging,2017-08-27,,5482,0.7640449438202247,A,4188.49,"+days_since_engage(+0.16), +pipeline_velocity(+0.16)"
0STR2QEA,Inity,GTX Plus Pro,Corliss Cosme,Cara Losch,East,Engaging,2017-05-25,,5482,0.7640449438202247,A,4188.49,"+days_since_engage(+0.16), +pipeline_velocity(+0.16)"
IN9S33CD,Finhigh,GTX Plus Pro,Rosalina Dieter,Celia Rouche,West,Engaging,2017-03-17,,5482,0.7640449438202247,A,4188.49,"+days_since_engage(+0.16), +pipeline_velocity(+0.16)"
A5SCVK7E,Goodsilron,GTX Plus Pro,Corliss Cosme,Cara Losch,East,Engaging,2017-09-01,,5482,0.7640449438202247,A,4188.49,"+days_since_engage(+0.16), +pipeline_velocity(+0.16)"
EZVKSQ9C,Genco Pura Olive Oil Company,GTX Plus Pro,Boris Faz,Rocco Neubert,East,Engaging,2016-12-16,,5482,0.7640449438202247,A,4188.49,"+days_since_engage(+0.16), +pipeline_velocity(+0.16)"
4SOUOUKH,Treequote,GTX Plus Pro,Vicki Laflamme,Celia Rouche,West,Engaging,2017-09-30,,5482,0.6832786764903703,BBB,3745.73,"+days_since_engage(+0.19), +pipeline_velocity(+0.16)"
I3KQNE9V,Isdom,GTX Plus Pro,Darcel Schlecht,Melvin Marxen,Central,Engaging,2017-07-19,,5482,0.6821052631578948,BBB,3739.3,"+days_since_engage(+0.16), +pipeline_velocity(+0.16)"
1FEHFRKX,Labdrill,GTX Plus Pro,Anna Snelling,Dustin Brinkmann,Central,Engaging,2017-07-20,,5482,0.6821052631578948,BBB,3739.3,"+days_since_engage(+0.16), +pipeline_velocity(+0.16)"
WEKW3XIN,Condax,GTX Plus Pro,Cassey Cress,Rocco Neubert,East,Engaging,2017-06-20,,5482,0.6821052631578948,BBB,3739.3,"+days_since_engage(+0.16), +pipeline_velocity(+0.16)"
LD4F6QTP,Groovestreet,GTX Plus Pro,Anna Snelling,Dustin Brinkmann,Central,Engaging,2017-07-20,,5482,0.6821052631578948,BBB,3739.3,"+days_since_engage(+0.16), +pipeline_velocity(+0.16)"
7TFHGN6O,Inity,GTX Plus Pro,Darcel Schlecht,Melvin Marxen,Central,Engaging,2017-07-26,,5482,0.6821052631578948,BBB,3739.3,"+days_since_engage(+0.16), +pipeline_velocity(+0.16)"
R55U5QI4,Scottech,GTX Plus Pro,Darcel Schlecht,Melvin Marxen,Central,Engaging,2017-07-30,,5482,0.6821052631578948,BBB,3739.3,"+days_since_engage(+0.16), +pipeline_velocity(+0.16)"
7A3R2M9T,Sonron,GTX Plus Pro,Vicki Laflamme,Celia Rouche,West,Engaging,2017-07-17,,5482,0.6821052631578948,BBB,3739.3,"+days_since_engage(+0.16), +pipeline_velocity(+0.16)"
IGHYUSN8,Golddex,GTX Plus Pro,Vicki Laflamme,Celia Rouche,West,Engaging,2017-05-06,,5482,0.6821052631578948,BBB,3739.3,"+days_since_engage(+0.16), +pipeline_velocity(+0.16)"
49T60OCI,Scottech,GTX Plus Pro,Cassey Cress,Rocco Neubert,East,Engaging,2017-07-04,,5482,0.6821052631578948,BBB,3739.3,"+days_since_engage(+0.16), +pipeline_velocity(+0.16)"
6OD1J7MW,Plexzap,GTX Plus Pro,Elease Gluck,Celia Rouche,West,Engaging,2017-09-02,,5482,0.6821052631578948,BBB,3739.3,"+days_since_engage(+0.16), +pipeline_velocity(+0.16)"
QP0QCP8Y,Dalttechnology,GTX Plus Pro,Kary Hendrixson,Summer Sewald,West,Engaging,2017-07-05,,5482,0.6821052631578948,BBB,3739.3,"+days_since_engage(+0.16), +pipeline_velocity(+0.16)"
5G4I94TF,Statholdings,GTX Plus Pro,Kary Hendrixson,Summer Sewald,West,Engaging,2017-03-26,,5482,0.6821052631578948,BBB,3739.3,"+days_since_engage(+0.16), +pipeline_velocity(+0.16)"
VMIAO42Z,Donquadtech,GTX Plus Pro,Vicki Laflamme,Celia Rouche,West,Engaging,2017-04-28,,5482,0.6821052631578948,BBB,3739.3,"+days_since_engage(+0.16), +pipeline_velocity(+0.16)"
NY7Z4I06,Betasoloin,GTX Plus Pro,Kary Hendrixson,Summer Sewald,West,Engaging,2017-08-05,,5482,0.6821052631578948,BBB,3739.3,"+days_since_engage(+0.16), +pipeline_velocity(+0.16)"
S3W6Q07M,Acme Corporation,GTX Plus Pro,Kami Bicknell,Summer Sewald,West,Engaging,2017-01-16,,5482,0.6821052631578948,BBB,3739.3,"+days_since_engage(+0.16), +pipeline_velocity(+0.16)"
FSNL204U,Hatfan,GTX Plus Pro,Marty Freudenburg,Melvin Marxen,Central,Engaging,2017-08-09,,5482,0.6821052631578948,BBB,3739.3,"+days_since_engage(+0.16), +pipeline_velocity(+0.16)"
CBQRKYZP,Silis,GTX Plus Pro,Marty Freudenburg,Melvin Marxen,Central,Engaging,2017-07-21,,5482,0.6821052631578948,BBB,3739.3,"+days_since_engage(+0.16), +pipeline_velocity(+0.16)"
J31SUXQJ,Sumace,GTX Plus Pro,Marty Freudenburg,Melvin Marxen,Central,Engaging,2017-08-10,,5482,0.6821052631578948,BBB,3739.3,"+days_since_engage(+0.16), +pipeline_velocity(+0.16)"
E3XLWCWX,Ontomedia,GTX Plus Pro,Marty Freudenburg,Melvin Marxen,Central,Engaging,2017-07-19,,5482,0.6821052631578948,BBB,3739.3,"+days_since_engage(+0.16), +pipeline_velocity(+0.16)"
BYF6ABTZ,Opentech,GTX Plus Pro,Kary Hendrixson,Summer Sewald,West,Engaging,2017-04-18,,5482,0.6821052631578948,BBB,3739.3,"+days_since_engage(+0.16), +pipeline_velocity(+0.16)"
01XZ9CRY,Initech,GTX Plus Pro,Zane Levy,Summer Sewald,West,Engaging,2017-09-18,,5482,0.6821052631578948,BBB,3739.3,"+days_since_engage(+0.19), +pipeline_velocity(+0.16)"
059K86LU,Labdrill,GTX Plus Pro,Kami Bicknell,Summer Sewald,West,Engaging,2017-08-26,,5482,0.6821052631578948,BBB,3739.3,"+days_since_engage(+0.16), +pipeline_velocity(+0.16)"
ZK4S74FD,Singletechno,GTX Plus Pro,Vicki Laflamme,Celia Rouche,West,Engaging,2017-05-25,,5482,0.6821052631578948,BBB,3739.3,"+days_since_engage(+0.16), +pipeline_velocity(+0.16)"
9E8A7MQ8,Blackzim,GTX Plus Pro,Kary Hendrixson,Summer Sewald,West,Engaging,2017-02-26,,5482,0.6821052631578948,BBB,3739.3,"+days_since_engage(+0.16), +pipeline_velocity(+0.16)"
7FZ9CBZ3,Scotfind,GTX Plus Pro,Anna Snelling,Dustin Brinkmann,Central,Engaging,2017-07-24,,5482,0.6821052631578948,BBB,3739.3,"+days_since_engage(+0.16), +pipeline_velocity(+0.16)"
5CAP1055,Kan-code,GTX Plus Pro,Kary Hendrixson,Summer Sewald,West,Engaging,2017-08-13,,5482,0.6821052631578948,BBB,3739.3,"+days_since_engage(+0.16), +pipeline_velocity(+0.16)"
NSX4NR40,Bioholding,GTX Plus Pro,Anna Snelling,Dustin Brinkmann,Central,Engaging,2017-08-14,,5482,0.6821052631578948,BBB,3739.3,"+days_since_engage(+0.16), +pipeline_velocity(+0.16)"
K1K48OTP,Conecom,GTX Plus Pro,Kary Hendrixson,Summer Sewald,West,Engaging,2017-07-07,,5482,0.6821052631578948,BBB,3739.3,"+days_since_engage(+0.16), +pipeline_velocity(+0.16)"
FZWU2I30,The New York Inquirer,GTX Plus Pro,Zane Levy,Summer Sewald,West,Engaging,2017-12-10,,5482,0.676923076923077,BBB,3710.89,"+days_since_engage(+0.15), +pipeline_velocity(+0.15)"
I5VHXAWW,Bluth Company,GTX Plus Pro,Boris Faz,Rocco Neubert,East,Engaging,2017-11-06,,5482,0.676923076923077,BBB,3710.89,"+pipeline_velocity(+0.09), +days_since_engage(+0.06)"
JJGRAQ2K,Rangreen,GTX Plus Pro,Kary Hendrixson,Summer Sewald,West,Engaging,2017-10-23,,5482,0.676923076923077,BBB,3710.89,"+pipeline_velocity(+0.19), +days_since_engage(+0.08)"
6AO6E15O,Statholdings,GTX Pro,Rosalina Dieter,Celia Rouche,West,Engaging,2017-07-09,,4821,0.7640449438202247,A,3683.46,"+days_since_engage(+0.16), +pipeline_velocity(+0.16)"
7FLPKZN7,Kan-code,GTX Pro,Kami Bicknell,Summer Sewald,West,Engaging,2017-09-23,,4821,0.7640449438202247,A,3683.46,"+days_since_engage(+0.19), +pipeline_velocity(+0.16)"
RY6T3GLC,Zathunicon,GTX Pro,Corliss Cosme,Cara Losch,East,Engaging,2017-05-29,,4821,0.7640449438202247,A,3683.46,"+days_since_engage(+0.16), +pipeline_velocity(+0.16)"
PW9DTZON,Donquadtech,GTX Pro,James Ascencio,Summer Sewald,West,Engaging,2017-07-26,,4821,0.7640449438202247,A,3683.46,"+days_since_engage(+0.16), +pipeline_velocity(+0.16)"
1L68AC0E,Gogozoom,GTX Pro,Wilburn Farren,Cara Losch,East,Engaging,2017-10-04,,4821,0.7640449438202247,A,3683.46,"+pipeline_velocity(+0.16), +days_since_engage(+0.09)"
LC2RIMSX,Vehement Capital Partners,GTX Pro,Rosalina Dieter,Celia Rouche,West,Engaging,2017-06-10,,4821,0.7640449438202247,A,3683.46,"+days_since_engage(+0.16), +pipeline_velocity(+0.16)"
YT34YUZN,Betasoloin,GTX Pro,Corliss Cosme,Cara Losch,East,Engaging,2017-06-12,,4821,0.7640449438202247,A,3683.46,"+days_since_engage(+0.16), +pipeline_velocity(+0.16)"
WWCMITY9,Funholding,GTX Pro,Rosalina Dieter,Celia Rouche,West,Engaging,2017-06-12,,4821,0.7640449438202247,A,3683.46,"+days_since_engage(+0.16), +pipeline_velocity(+0.16)"
CJ2ON1LV,Nam-zim,GTX Pro,Corliss Cosme,Cara Losch,East,Engaging,2017-01-11,,4821,0.7640449438202247,A,3683.46,"+days_since_engage(+0.16), +pipeline_velocity(+0.16)"
UQQE9ILV,Iselectrics,GTX Pro,James Ascencio,Summer Sewald,West,Engaging,2017-01-13,,4821,0.7640449438202247,A,3683.46,"+days_since_engage(+0.16), +pipeline_velocity(+0.16)"
BTUG5VDL,Inity,GTX Pro,Corliss Cosme,Cara Losch,East,Engaging,2017-01-15,,4821,0.7640449438202247,A,3683.46,"+days_since_engage(+0.16), +pipeline_velocity(+0.16)"
PMEENWD5,Globex Corporation,GTX Pro,Corliss Cosme,Cara Losch,East,Engaging,2017-01-21,,4821,0.7640449438202247,A,3683.46,"+days_since_engage(+0.16), +pipeline_velocity(+0.16)"
4NGSQODD,Blackzim,GTX Pro,James Ascencio,Summer Sewald,West,Engaging,2017-01-28,,4821,0.7640449438202247,A,3683.46,"+days_since_engage(+0.16), +pipeline_velocity(+0.16)"
DYNHHN6P,Massive Dynamic,GTX Pro,Maureen Marcano,Summer Sewald,West,Engaging,2017-04-29,,4821,0.7640449438202247,A,3683.46,"+days_since_engage(+0.16), +pipeline_velocity(+0.16)"
5MAXF8FK,The New York Inquirer,GTX Plus Pro,Gladys Colclough,Melvin Marxen,Central,Engaging,2017-08-11,,5482,0.668228678537957,BBB,3663.23,"+days_since_engage(+0.16), +pipeline_velocity(+0.16)"
KJHM27ZM,Labdrill,GTX Plus Pro,Daniell Hammack,Rocco Neubert,East,Engaging,2017-05-15,,5482,0.668228678537957,BBB,3663.23,"+days_since_engage(+0.16), +pipeline_velocity(+0.16)"
BBOWBQA6,Blackzim,GTX Plus Pro,Niesha Huffines,Melvin Marxen,Central,Engaging,2017-07-20,,5482,0.668228678537957,BBB,3663.23,"+days_since_engage(+0.16), +pipeline_velocity(+0.16)"
FM505XD5,Y-corporation,GTX Plus Pro,Daniell Hammack,Rocco Neubert,East,Engaging,2017-04-08,,5482,0.668228678537957,BBB,3663.23,"+days_since_engage(+0.16), +pipeline_velocity(+0.16)"
RTWAUR7C,Y-corporation,GTX Plus Pro,Gladys Colclough,Melvin Marxen,Central,Engaging,2017-07-24,,5482,0.668228678537957,BBB,3663.23,"+days_since_engage(+0.16), +pipeline_velocity(+0.16)"
EB89ONZN,Funholding,GTX Pro,Kary Hendrixson,Summer Sewald,West,Engaging,2017-03-29,,4821,0.6821052631578948,BBB,3288.43,"+days_since_engage(+0.16), +pipeline_velocity(+0.16)"
WW1WV7IT,Cancity,GTX Pro,Cassey Cress,Rocco Neubert,East,Engaging,2017-03-31,,4821,0.6821052631578948,BBB,3288.43,"+days_since_engage(+0.16), +pipeline_velocity(+0.16)"
R69OYH4Z,Umbrella Corporation,GTX Pro,Vicki Laflamme,Celia Rouche,West,Engaging,2017-07-21,,4821,0.6821052631578948,BBB,3288.43,"+days_since_engage(+0.16), +pipeline_velocity(+0.16)"
0TC6I9SJ,Dontechi,GTX Pro,Darcel Schlecht,Melvin Marxen,Central,Engaging,2017-07-24,,4821,0.6821052631578948,BBB,3288.43,"+days_since_engage(+0.16), +pipeline_velocity(+0.16)"
VSYO182N,Dalttechnology,GTX Pro,Kary Hendrixson,Summer Sewald,West,Engaging,2017-07-01,,4821,0.6821052631578948,BBB,3288.43,"+days_since_engage(+0.16), +pipeline_velocity(+0.16)"
20CVXRTX,Kinnamplus,GTX Pro,Vicki Laflamme,Celia Rouche,West,Engaging,2017-04-01,,4821,0.6821052631578948,BBB,3288.43,"+days_since_engage(+0.16), +pipeline_velocity(+0.16)"
7439NGIG,Sumace,GTX Pro,Marty Freudenburg,Melvin Marxen,Central,Engaging,2017-07-20,,4821,0.6821052631578948,BBB,3288.43,"+days_since_engage(+0.16), +pipeline_velocity(+0.16)"
JHCA115A,Green-Plus,GTX Pro,Vicki Laflamme,Celia Rouche,West,Engaging,2017-07-19,,4821,0.6821052631578948,BBB,3288.43,"+days_since_engage(+0.16), +pipeline_velocity(+0.16)"
XOVYPE58,Betasoloin,GTX Pro,Rosie Papadopoulos,Cara Losch,East,Engaging,2017-04-19,,4821,0.6821052631578948,BBB,3288.43,"+days_since_engage(+0.16), +pipeline_velocity(+0.16)"
PQOHTS9I,Inity,GTX Pro,Jonathan Berthelot,Melvin Marxen,Central,Engaging,2017-07-19,,4821,0.6821052631578948,BBB,3288.43,"+days_since_engage(+0.16), +pipeline_velocity(+0.16)"
4ZX1WPS7,Inity,GTX Pro,Cassey Cress,Rocco Neubert,East,Engaging,2017-05-03,,4821,0.6821052631578948,BBB,3288.43,"+days_since_engage(+0.16), +pipeline_velocity(+0.16)"
UU25XD9E,Hatfan,GTX Pro,Zane Levy,Summer Sewald,West,Engaging,2017-05-08,,4821,0.6821052631578948,BBB,3288.43,"+days_since_engage(+0.16), +pipeline_velocity(+0.16)"
23NAJF9W,Plussunin,GTX Pro,Zane Levy,Summer Sewald,West,Engaging,2017-06-26,,4821,0.6821052631578948,BBB,3288.43,"+days_since_engage(+0.16), +pipeline_velocity(+0.16)"
74KGIZW4,Betasoloin,GTX Pro,Kary Hendrixson,Summer Sewald,West,Engaging,2017-06-24,,4821,0.6821052631578948,BBB,3288.43,"+days_since_engage(+0.16), +pipeline_velocity(+0.16)"
O9WYT5ST,Kan-code,GTX Pro,Zane Levy,Summer Sewald,West,Engaging,2017-06-23,,4821,0.6821052631578948,BBB,3288.43,"+days_since_engage(+0.16), +pipeline_velocity(+0.16)"
1ORXGKVH,Sonron,GTX Pro,Kary Hendrixson,Summer Sewald,West,Engaging,2017-06-17,,4821,0.6821052631578948,BBB,3288.43,"+days_since_engage(+0.16), +pipeline_velocity(+0.16)"
PFKDTEYU,Xx-zobam,GTX Pro,Rosie Papadopoulos,Cara Losch,East,Engaging,2017-06-16,,4821,0.6821052631578948,BBB,3288.43,"+days_since_engage(+0.16), +pipeline_velocity(+0.16)"
3ATYY665,Conecom,GTX Pro,Kami Bicknell,Summer Sewald,West,Engaging,2017-05-26,,4821,0.6821052631578948,BBB,3288.43,"+days_since_engage(+0.16), +pipeline_velocity(+0.16)"
2DY9U1V7,Konex,GTX Pro,Rosie Papadopoulos,Cara Losch,East,Engaging,2017-10-20,,4821,0.6821052631578948,BBB,3288.43,"+pipeline_velocity(+0.16), +days_since_engage(+0.08)"
CUV49MUR,Zathunicon,GTX Pro,Violet Mclelland,Cara Losch,East,Engaging,2017-06-02,,4821,0.6821052631578948,BBB,3288.43,"+days_since_engage(+0.16), +pipeline_velocity(+0.16)"
7VMOJBPN,Faxquote,GTX Pro,Kami Bicknell,Summer Sewald,West,Engaging,2017-06-03,,4821,0.6821052631578948,BBB,3288.43,"+days_since_engage(+0.16), +pipeline_velocity(+0.16)"
QRQ8C6MQ,Globex Corporation,GTX Pro,Cassey Cress,Rocco Neubert,East,Engaging,2017-03-03,,4821,0.6821052631578948,BBB,3288.43,"+days_since_engage(+0.16), +pipeline_velocity(+0.16)"
B06D1F9M,Faxquote,GTX Pro,Vicki Laflamme,Celia Rouche,West,Engaging,2017-02-13,,4821,0.6821052631578948,BBB,3288.43,"+days_since_engage(+0.16), +pipeline_velocity(+0.16)"
GQ7H31ZJ,Funholding,GTX Pro,Darcel Schlecht,Melvin Marxen,Central,Engaging,2017-07-27,,4821,0.6821052631578948,BBB,3288.43,"+days_since_engage(+0.16), +pipeline_velocity(+0.16)"
PQ104BT2,Finjob,GTX Pro,Darcel Schlecht,Melvin Marxen,Central,Engaging,2017-07-27,,4821,0.6821052631578948,BBB,3288.43,"+days_since_engage(+0.16), +pipeline_velocity(+0.16)"
ZJLW1OPF,Xx-zobam,GTX Pro,Darcel Schlecht,Melvin Marxen,Central,Engaging,2017-07-28,,4821,0.6821052631578948,BBB,3288.43,"+days_since_engage(+0.16), +pipeline_velocity(+0.16)"
NOLCZMV6,Goodsilron,GTX Pro,Violet Mclelland,Cara Losch,East,Engaging,2017-02-21,,4821,0.6821052631578948,BBB,3288.43,"+days_since_engage(+0.16), +pipeline_velocity(+0.16)"
7TI1WTV9,Acme Corporation,GTX Pro,Zane Levy,Summer Sewald,West,Engaging,2017-03-04,,4821,0.6821052631578948,BBB,3288.43,"+days_since_engage(+0.16), +pipeline_velocity(+0.16)"
L6223VHA,Sumace,GTX Pro,Darcel Schlecht,Melvin Marxen,Central,Engaging,2017-07-26,,4821,0.6821052631578948,BBB,3288.43,"+days_since_engage(+0.16), +pipeline_velocity(+0.16)"
68EYCEV4,Faxquote,GTX Pro,Rosie Papadopoulos,Cara Losch,East,Engaging,2017-08-10,,4821,0.6821052631578948,BBB,3288.43,"+days_since_engage(+0.16), +pipeline_velocity(+0.16)"
YI1V6SOX,The New York Inquirer,GTX Pro,Darcel Schlecht,Melvin Marxen,Central,Engaging,2017-07-29,,4821,0.6821052631578948,BBB,3288.43,"+days_since_engage(+0.16), +pipeline_velocity(+0.16)"
TJ95PY76,J-Texon,GTX Pro,Darcel Schlecht,Melvin Marxen,Central,Engaging,2017-07-30,,4821,0.6821052631578948,BBB,3288.43,"+days_since_engage(+0.16), +pipeline_velocity(+0.16)"
58W7CZGD,Cancity,GTX Pro,Vicki Laflamme,Celia Rouche,West,Engaging,2017-08-12,,4821,0.6821052631578948,BBB,3288.43,"+days_since_engage(+0.16), +pipeline_velocity(+0.16)"
041Q1IZL,Green-Plus,GTX Pro,Zane Levy,Summer Sewald,West,Engaging,2017-08-15,,4821,0.6821052631578948,BBB,3288.43,"+days_since_engage(+0.16), +pipeline_velocity(+0.16)"
VD2KHXRY,Toughzap,GTX Pro,Zane Levy,Summer Sewald,West,Engaging,2017-07-27,,4821,0.6821052631578948,BBB,3288.43,"+days_since_engage(+0.16), +pipeline_velocity(+0.16)"
SQLYCFGV,Opentech,GTX Pro,Zane Levy,Summer Sewald,West,Engaging,2016-12-22,,4821,0.6821052631578948,BBB,3288.43,"+days_since_engage(+0.16), +pipeline_velocity(+0.16)"
K5CWSFCW,Blackzim,GTX Pro,Elease Gluck,Celia Rouche,West,Engaging,2016-12-21,,4821,0.6821052631578948,BBB,3288.43,"+days_since_engage(+0.16), +pipeline_velocity(+0.16)"
1QKDD1OI,Isdom,GTX Pro,Darcel Schlecht,Melvin Marxen,Central,Engaging,2017-07-25,,4821,0.6821052631578948,BBB,3288.43,"+days_since_engage(+0.16), +pipeline_velocity(+0.16)"
LUTZ8UQM,Isdom,GTX Pro,Darcel Schlecht,Melvin Marxen,Central,Engaging,2017-07-25,,4821,0.6821052631578948,BBB,3288.43,"+days_since_engage(+0.16), +pipeline_velocity(+0.16)"
TLLW2ZRM,Condax,GTX Pro,Zane Levy,Summer Sewald,West,Engaging,2017-08-25,,4821,0.6821052631578948,BBB,3288.43,"+days_since_engage(+0.16), +pipeline_velocity(+0.16)"
8XY5IA68,Sonron,GTX Pro,Rosie Papadopoulos,Cara Losch,East,Engaging,2017-09-11,,4821,0.6821052631578948,BBB,3288.43,"+days_since_engage(+0.16), +pipeline_velocity(+0.16)"
MNVMY83P,Plussunin,GTX Pro,Cassey Cress,Rocco Neubert,East,Engaging,2016-12-10,,4821,0.6821052631578948,BBB,3288.43,"+days_since_engage(+0.16), +pipeline_velocity(+0.16)"
30R81VZX,Zoomit,GTX Pro,Kami Bicknell,Summer Sewald,West,Engaging,2017-02-06,,4821,0.6821052631578948,BBB,3288.43,"+days_since_engage(+0.16), +pipeline_velocity(+0.16)"
EDM7CEZ6,Opentech,GTX Pro,Kami Bicknell,Summer Sewald,West,Engaging,2017-08-31,,4821,0.6821052631578948,BBB,3288.43,"+days_since_engage(+0.16), +pipeline_velocity(+0.16)"
B5A1BERF,Umbrella Corporation,GTX Pro,Kami Bicknell,Summer Sewald,West,Engaging,2017-02-07,,4821,0.6821052631578948,BBB,3288.43,"+days_since_engage(+0.16), +pipeline_velocity(+0.16)"
102XKYAC,Zotware,GTX Pro,Cassey Cress,Rocco Neubert,East,Engaging,2017-09-01,,4821,0.6821052631578948,BBB,3288.43,"+days_since_engage(+0.16), +pipeline_velocity(+0.16)"
RTWE19SU,Conecom,GTX Pro,Kary Hendrixson,Summer Sewald,West,Engaging,2017-12-17,,4821,0.6821052631578948,BBB,3288.43,"+days_since_engage(+0.15), +pipeline_velocity(+0.15)"
9B7FS6YL,Konex,GTX Pro,Darcel Schlecht,Melvin Marxen,Central,Engaging,2017-07-27,,4821,0.6821052631578948,BBB,3288.43,"+days_since_engage(+0.16), +pipeline_velocity(+0.16)"
XSTGL252,Toughzap,GTX Pro,Cassey Cress,Rocco Neubert,East,Engaging,2017-10-15,,4821,0.6683348947814355,BBB,3222.04,"+pipeline_velocity(+0.16), +days_since_engage(+0.08)"
2N2MUDOA,Bioholding,GTX Pro,Daniell Hammack,Rocco Neubert,East,Engaging,2017-08-05,,4821,0.668228678537957,BBB,3221.53,"+days_since_engage(+0.16), +pipeline_velocity(+0.16)"
N07XYH50,Newex,GTX Pro,Gladys Colclough,Melvin Marxen,Central,Engaging,2017-07-28,,4821,0.668228678537957,BBB,3221.53,"+days_since_engage(+0.16), +pipeline_velocity(+0.16)"
FKY3O5O1,Zotware,GTX Pro,Niesha Huffines,Melvin Marxen,Central,Engaging,2017-08-01,,4821,0.668228678537957,BBB,3221.53,"+days_since_engage(+0.16), +pipeline_velocity(+0.16)"
OT26ZUZ7,Betatech,GTX Pro,Daniell Hammack,Rocco Neubert,East,Engaging,2017-07-09,,4821,0.668228678537957,BBB,3221.53,"+days_since_engage(+0.16), +pipeline_velocity(+0.16)"
WJO52I18,Inity,GTX Pro,Cassey Cress,Rocco Neubert,East,Engaging,2017-11-04,,4821,0.668228678537957,BBB,3221.53,"+pipeline_velocity(+0.09), +days_since_engage(+0.06)"
7FFV8D9U,Plusstrip,GTX Pro,Gladys Colclough,Melvin Marxen,Central,Engaging,2017-08-06,,4821,0.668228678537957,BBB,3221.53,"+days_since_engage(+0.16), +pipeline_velocity(+0.16)"
DC2JL47C,Dontechi,GTX Pro,Daniell Hammack,Rocco Neubert,East,Engaging,2017-05-27,,4821,0.668228678537957,BBB,3221.53,"+days_since_engage(+0.16), +pipeline_velocity(+0.16)"
D55HTKRU,Newex,GTX Pro,Kary Hendrixson,Summer Sewald,West,Engaging,2017-11-24,,4821,0.668228678537957,BBB,3221.53,"+days_since_engage(+0.15), +pipeline_velocity(+0.06)"
SQ71BWHG,Zencorporation,GTX Pro,Kary Hendrixson,Summer Sewald,West,Engaging,2017-11-04,,4821,0.668228678537957,BBB,3221.53,"+pipeline_velocity(+0.09), +days_since_engage(+0.06)"
ICMXZOVL,Stanredtax,GTX Pro,Daniell Hammack,Rocco Neubert,East,Engaging,2016-12-08,,4821,0.668228678537957,BBB,3221.53,"+days_since_engage(+0.16), +pipeline_velocity(+0.16)"
KKRJ6TBY,Scotfind,GTX Pro,Daniell Hammack,Rocco Neubert,East,Engaging,2017-04-01,,4821,0.668228678537957,BBB,3221.53,"+days_since_engage(+0.16), +pipeline_velocity(+0.16)"
4D0K5T7T,Gogozoom,GTX Pro,Zane Levy,Summer Sewald,West,Engaging,2017-10-26,,4821,0.668228678537957,BBB,3221.53,"+pipeline_velocity(+0.19), +days_since_engage(+0.06)"
3SEMPUU1,Labdrill,GTX Pro,Markita Hansen,Celia Rouche,West,Engaging,2017-05-17,,4821,0.6496815286624202,BBB,3132.11,"+days_since_engage(+0.16), +pipeline_velocity(+0.16)"
YX4E972E,Conecom,GTX Pro,Markita Hansen,Celia Rouche,West,Engaging,2017-06-14,,4821,0.6496815286624202,BBB,3132.11,"+days_since_engage(+0.16), +pipeline_velocity(+0.16)"
0R5KAHNB,Umbrella Corporation,MG Advanced,Moses Frase,Dustin Brinkmann,Central,Engaging,2017-08-03,,3393,0.7640449438202247,A,2592.4,"+days_since_engage(+0.16), +pipeline_velocity(+0.16)"
KIKG1BGV,Domzoom,MG Advanced,Moses Frase,Dustin Brinkmann,Central,Engaging,2017-08-02,,3393,0.7640449438202247,A,2592.4,"+days_since_engage(+0.16), +pipeline_velocity(+0.16)"
ALZNZ666,Toughzap,MG Advanced,Boris Faz,Rocco Neubert,East,Engaging,2017-05-14,,3393,0.7640449438202247,A,2592.4,"+days_since_engage(+0.16), +pipeline_velocity(+0.16)"
REO3FMSB,Massive Dynamic,MG Advanced,Corliss Cosme,Cara Losch,East,Engaging,2017-06-09,,3393,0.7640449438202247,A,2592.4,"+days_since_engage(+0.16), +pipeline_velocity(+0.16)"
3N46WQVI,Faxquote,MG Advanced,Hayden Neloms,Celia Rouche,West,Engaging,2017-05-13,,3393,0.7640449438202247,A,2592.4,"+days_since_engage(+0.16), +pipeline_velocity(+0.16)"
FUI9BIS3,Funholding,MG Advanced,Moses Frase,Dustin Brinkmann,Central,Engaging,2017-08-04,,3393,0.7640449438202247,A,2592.4,"+days_since_engage(+0.16), +pipeline_velocity(+0.16)"
H176AX96,Gekko & Co,MG Advanced,James Ascencio,Summer Sewald,West,Engaging,2017-06-18,,3393,0.7640449438202247,A,2592.4,"+days_since_engage(+0.16), +pipeline_velocity(+0.16)"
WRUG19FZ,Vehement Capital Partners,MG Advanced,Hayden Neloms,Celia Rouche,West,Engaging,2017-01-13,,3393,0.7640449438202247,A,2592.4,"+days_since_engage(+0.16), +pipeline_velocity(+0.16)"
VKT0UN11,Codehow,MG Advanced,James Ascencio,Summer Sewald,West,Engaging,2017-01-14,,3393,0.7640449438202247,A,2592.4,"+days_since_engage(+0.16), +pipeline_velocity(+0.16)"
SZS2IPM3,Doncon,MG Advanced,Versie Hillebrand,Dustin Brinkmann,Central,Engaging,2017-07-24,,3393,0.7640449438202247,A,2592.4,"+days_since_engage(+0.16), +pipeline_velocity(+0.16)"
UP409DSB,Ganjaflex,MG Advanced,Maureen Marcano,Summer Sewald,West,Engaging,2016-11-10,,3393,0.7640449438202247,A,2592.4,"+days_since_engage(+0.16), +pipeline_velocity(+0.16)"
PSMWYTMB,Toughzap,MG Advanced,Boris Faz,Rocco Neubert,East,Engaging,2017-09-20,,3393,0.7640449438202247,A,2592.4,"+days_since_engage(+0.19), +pipeline_velocity(+0.16)"
SXFE42KG,Gogozoom,MG Advanced,Cecily Lampkin,Dustin Brinkmann,Central,Engaging,2017-07-25,,3393,0.7640449438202247,A,2592.4,"+days_since_engage(+0.16), +pipeline_velocity(+0.16)"
5P3NH791,Golddex,MG Advanced,Boris Faz,Rocco Neubert,East,Engaging,2017-02-10,,3393,0.7640449438202247,A,2592.4,"+days_since_engage(+0.16), +pipeline_velocity(+0.16)"
8LA72RM8,Donware,MG Advanced,Maureen Marcano,Summer Sewald,West,Engaging,2017-09-17,,3393,0.7640449438202247,A,2592.4,"+days_since_engage(+0.16), +pipeline_velocity(+0.16)"
YY2DWBG5,Ron-tech,MG Advanced,Versie Hillebrand,Dustin Brinkmann,Central,Engaging,2017-07-24,,3393,0.7640449438202247,A,2592.4,"+days_since_engage(+0.16), +pipeline_velocity(+0.16)"
5RNWV17L,Golddex,MG Advanced,Rosalina Dieter,Celia Rouche,West,Engaging,2017-02-11,,3393,0.7640449438202247,A,2592.4,"+days_since_engage(+0.16), +pipeline_velocity(+0.16)"
E887HZT1,Cheers,MG Advanced,Rosalina Dieter,Celia Rouche,West,Engaging,2017-02-12,,3393,0.7640449438202247,A,2592.4,"+days_since_engage(+0.16), +pipeline_velocity(+0.16)"
FZC2J90W,Bluth Company,MG Advanced,Maureen Marcano,Summer Sewald,West,Engaging,2017-02-26,,3393,0.7640449438202247,A,2592.4,"+days_since_engage(+0.16), +pipeline_velocity(+0.16)"
MLD3WEJC,Xx-holding,MG Advanced,Moses Frase,Dustin Brinkmann,Central,Engaging,2017-07-25,,3393,0.7640449438202247,A,2592.4,"+days_since_engage(+0.16), +pipeline_velocity(+0.16)"
SWJ9OOZU,Opentech,MG Advanced,Hayden Neloms,Celia Rouche,West,Engaging,2017-02-13,,3393,0.7640449438202247,A,2592.4,"+days_since_engage(+0.16), +pipeline_velocity(+0.16)"
OT5G3M9A,Treequote,MG Advanced,Cecily Lampkin,Dustin Brinkmann,Central,Engaging,2017-07-22,,3393,0.7640449438202247,A,2592.4,"+days_since_engage(+0.16), +pipeline_velocity(+0.16)"
1LHU0876,Labdrill,MG Advanced,Elease Gluck,Celia Rouche,West,Engaging,2017-09-22,,3393,0.6832786764903703,BBB,2318.36,"+days_since_engage(+0.19), +pipeline_velocity(+0.16)"
0KRVN3V5,Hatfan,MG Advanced,Anna Snelling,Dustin Brinkmann,Central,Engaging,2017-07-21,,3393,0.6821052631578948,BBB,2314.38,"+days_since_engage(+0.16), +pipeline_velocity(+0.16)"
ZNEQXZZK,Donquadtech,MG Advanced,Anna Snelling,Dustin Brinkmann,Central,Engaging,2017-07-25,,3393,0.6821052631578948,BBB,2314.38,"+days_since_engage(+0.16), +pipeline_velocity(+0.16)"
QIHWKCFK,Singletechno,MG Advanced,Cassey Cress,Rocco Neubert,East,Engaging,2017-03-24,,3393,0.6821052631578948,BBB,2314.38,"+days_since_engage(+0.16), +pipeline_velocity(+0.16)"
TJ03NDNX,Iselectrics,MG Advanced,Violet Mclelland,Cara Losch,East,Engaging,2017-03-25,,3393,0.6821052631578948,BBB,2314.38,"+days_since_engage(+0.16), +pipeline_velocity(+0.16)"
DW29KM30,Zathunicon,MG Advanced,Elease Gluck,Celia Rouche,West,Engaging,2017-06-07,,3393,0.6821052631578948,BBB,2314.38,"+days_since_engage(+0.16), +pipeline_velocity(+0.16)"
4DLY9ZDH,Dalttechnology,MG Advanced,Anna Snelling,Dustin Brinkmann,Central,Engaging,2017-07-25,,3393,0.6821052631578948,BBB,2314.38,"+days_since_engage(+0.16), +pipeline_velocity(+0.16)"
A1TDRYHZ,Rangreen,MG Advanced,Rosie Papadopoulos,Cara Losch,East,Engaging,2017-03-18,,3393,0.6821052631578948,BBB,2314.38,"+days_since_engage(+0.16), +pipeline_velocity(+0.16)"
PNISVWNN,Scotfind,MG Advanced,Darcel Schlecht,Melvin Marxen,Central,Engaging,2017-07-21,,3393,0.6821052631578948,BBB,2314.38,"+days_since_engage(+0.16), +pipeline_velocity(+0.16)"
WLDFQR7Z,Bubba Gump,MG Advanced,Darcel Schlecht,Melvin Marxen,Central,Engaging,2017-07-21,,3393,0.6821052631578948,BBB,2314.38,"+days_since_engage(+0.16), +pipeline_velocity(+0.16)"
E617EXPD,Iselectrics,MG Advanced,Vicki Laflamme,Celia Rouche,West,Engaging,2017-08-14,,3393,0.6821052631578948,BBB,2314.38,"+days_since_engage(+0.16), +pipeline_velocity(+0.16)"
B00UMAV4,Gogozoom,MG Advanced,Kami Bicknell,Summer Sewald,West,Engaging,2016-12-26,,3393,0.6821052631578948,BBB,2314.38,"+days_since_engage(+0.16), +pipeline_velocity(+0.16)"
I6PXHXST,Singletechno,MG Advanced,Marty Freudenburg,Melvin Marxen,Central,Engaging,2017-08-14,,3393,0.6821052631578948,BBB,2314.38,"+days_since_engage(+0.16), +pipeline_velocity(+0.16)"
K7056XS7,Kinnamplus,MG Advanced,Rosie Papadopoulos,Cara Losch,East,Engaging,2017-07-05,,3393,0.6821052631578948,BBB,2314.38,"+days_since_engage(+0.16), +pipeline_velocity(+0.16)"
UIX6X6R3,Umbrella Corporation,MG Advanced,Zane Levy,Summer Sewald,West,Engaging,2017-05-01,,3393,0.6821052631578948,BBB,2314.38,"+days_since_engage(+0.16), +pipeline_velocity(+0.16)"
8CBTC1PX,Streethex,MG Advanced,Marty Freudenburg,Melvin Marxen,Central,Engaging,2017-08-11,,3393,0.6821052631578948,BBB,2314.38,"+days_since_engage(+0.16), +pipeline_velocity(+0.16)"
YQ0Y0YQS,Newex,MG Advanced,Violet Mclelland,Cara Losch,East,Engaging,2017-03-05,,3393,0.6821052631578948,BBB,2314.38,"+days_since_engage(+0.16), +pipeline_velocity(+0.16)"
SZAMHBGA,Nam-zim,MG Advanced,Violet Mclelland,Cara Losch,East,Engaging,2017-06-28,,3393,0.6821052631578948,BBB,2314.38,"+days_since_engage(+0.16), +pipeline_velocity(+0.16)"
AZN2K0V9,Ganjaflex,MG Advanced,Anna Snelling,Dustin Brinkmann,Central,Engaging,2017-08-03,,3393,0.6821052631578948,BBB,2314.38,"+days_since_engage(+0.16), +pipeline_velocity(+0.16)"
OHOWVHYX,Zoomit,MG Advanced,Rosalina Dieter,Celia Rouche,West,Engaging,2017-10-11,,3393,0.6821052631578948,BBB,2314.38,"+pipeline_velocity(+0.16), +days_since_engage(+0.09)"
5CZBHSRI,Toughzap,MG Advanced,Kary Hendrixson,Summer Sewald,West,Engaging,2017-04-29,,3393,0.6821052631578948,BBB,2314.38,"+days_since_engage(+0.16), +pipeline_velocity(+0.16)"
FVGRGJU8,Betatech,MG Advanced,Rosie Papadopoulos,Cara Losch,East,Engaging,2017-04-21,,3393,0.6821052631578948,BBB,2314.38,"+days_since_engage(+0.16), +pipeline_velocity(+0.16)"
DMG5EOFC,Lexiqvolax,MG Advanced,Violet Mclelland,Cara Losch,East,Engaging,2017-07-19,,3393,0.6821052631578948,BBB,2314.38,"+days_since_engage(+0.16), +pipeline_velocity(+0.16)"
PGXIPGDM,Lexiqvolax,MG Advanced,Vicki Laflamme,Celia Rouche,West,Engaging,2017-04-12,,3393,0.6821052631578948,BBB,2314.38,"+days_since_engage(+0.16), +pipeline_velocity(+0.16)"
R9GI5SJ5,Domzoom,MG Advanced,Vicki Laflamme,Celia Rouche,West,Engaging,2017-08-05,,3393,0.6821052631578948,BBB,2314.38,"+days_since_engage(+0.16), +pipeline_velocity(+0.16)"
3372JYYQ,Condax,MG Advanced,Cassey Cress,Rocco Neubert,East,Engaging,2017-05-15,,3393,0.6821052631578948,BBB,2314.38,"+days_since_engage(+0.16), +pipeline_velocity(+0.16)"
TDJ3N8EJ,Kinnamplus,MG Advanced,Kami Bicknell,Summer Sewald,West,Engaging,2017-07-20,,3393,0.6821052631578948,BBB,2314.38,"+days_since_engage(+0.16), +pipeline_velocity(+0.16)"
8GV0BQTU,Xx-holding,MG Advanced,Kary Hendrixson,Summer Sewald,West,Engaging,2017-05-17,,3393,0.6821052631578948,BBB,2314.38,"+days_since_engage(+0.16), +pipeline_velocity(+0.16)"
H6I16U57,Sunnamplex,MG Advanced,Rosie Papadopoulos,Cara Losch,East,Engaging,2017-04-01,,3393,0.6821052631578948,BBB,2314.38,"+days_since_engage(+0.16), +pipeline_velocity(+0.16)"
CMW6IQJI,Faxquote,MG Advanced,Niesha Huffines,Melvin Marxen,Central,Engaging,2017-07-25,,3393,0.668228678537957,BBB,2267.3,"+days_since_engage(+0.16), +pipeline_velocity(+0.16)"
SJ3QA8KP,Treequote,MG Advanced,Niesha Huffines,Melvin Marxen,Central,Engaging,2017-07-28,,3393,0.668228678537957,BBB,2267.3,"+days_since_engage(+0.16), +pipeline_velocity(+0.16)"
8TFYRWZ6,Mathtouch,MG Advanced,Gladys Colclough,Melvin Marxen,Central,Engaging,2017-07-22,,3393,0.668228678537957,BBB,2267.3,"+days_since_engage(+0.16), +pipeline_velocity(+0.16)"
WOO9JXOQ,Sumace,MG Advanced,Gladys Colclough,Melvin Marxen,Central,Engaging,2017-07-31,,3393,0.668228678537957,BBB,2267.3,"+days_since_engage(+0.16), +pipeline_velocity(+0.16)"
EFKPYBI9,Xx-holding,MG Advanced,Gladys Colclough,Melvin Marxen,Central,Engaging,2017-07-26,,3393,0.668228678537957,BBB,2267.3,"+days_since_engage(+0.16), +pipeline_velocity(+0.16)"
EFIR7HGR,Groovestreet,MG Advanced,Daniell Hammack,Rocco Neubert,East,Engaging,2017-06-18,,3393,0.668228678537957,BBB,2267.3,"+days_since_engage(+0.16), +pipeline_velocity(+0.16)"
9SLINQY5,Newex,MG Advanced,Markita Hansen,Celia Rouche,West,Engaging,2017-02-21,,3393,0.6496815286624202,BBB,2204.37,"+days_since_engage(+0.16), +pipeline_velocity(+0.16)"
JH643YRI,Umbrella Corporation,MG Advanced,Lajuana Vencill,Dustin Brinkmann,Central,Engaging,2017-07-25,,3393,0.6496815286624202,BBB,2204.37,"+days_since_engage(+0.16), +pipeline_velocity(+0.16)"
QP006VDE,Domzoom,MG Advanced,Markita Hansen,Celia Rouche,West,Engaging,2017-05-01,,3393,0.6496815286624202,BBB,2204.37,"+days_since_engage(+0.16), +pipeline_velocity(+0.16)"
EZDMNAK8,Plussunin,MG Advanced,Lajuana Vencill,Dustin Brinkmann,Central,Engaging,2017-08-14,,3393,0.6496815286624202,BBB,2204.37,"+days_since_engage(+0.16), +pipeline_velocity(+0.16)"
81MXE1H7,Bioholding,MG Advanced,Markita Hansen,Celia Rouche,West,Engaging,2017-02-14,,3393,0.6496815286624202,BBB,2204.37,"+days_since_engage(+0.16), +pipeline_velocity(+0.16)"
LDQITW5C,Acme Corporation,MG Advanced,Lajuana Vencill,Dustin Brinkmann,Central,Engaging,2017-08-03,,3393,0.6496815286624202,BBB,2204.37,"+days_since_engage(+0.16), +pipeline_velocity(+0.16)"
ZI89S9HC,Dalttechnology,MG Advanced,Markita Hansen,Celia Rouche,West,Engaging,2017-06-11,,3393,0.6496815286624202,BBB,2204.37,"+days_since_engage(+0.16), +pipeline_velocity(+0.16)"
PFFHM7HR,Opentech,MG Advanced,Markita Hansen,Celia Rouche,West,Engaging,2016-11-27,,3393,0.6496815286624202,BBB,2204.37,"+days_since_engage(+0.16), +pipeline_velocity(+0.16)"
RYNZ2WOK,Iselectrics,MG Advanced,Markita Hansen,Celia Rouche,West,Engaging,2017-08-29,,3393,0.6496815286624202,BBB,2204.37,"+days_since_engage(+0.16), +pipeline_velocity(+0.16)"
PDMZ1I99,Globex Corporation,MG Advanced,Lajuana Vencill,Dustin Brinkmann,Central,Engaging,2017-08-06,,3393,0.6496815286624202,BBB,2204.37,"+days_since_engage(+0.16), +pipeline_velocity(+0.16)"
4G0X8VHP,Y-corporation,MG Advanced,Markita Hansen,Celia Rouche,West,Engaging,2017-05-24,,3393,0.6496815286624202,BBB,2204.37,"+days_since_engage(+0.16), +pipeline_velocity(+0.16)"
KPH05GU8,The New York Inquirer,MG Advanced,Lajuana Vencill,Dustin Brinkmann,Central,Engaging,2017-07-26,,3393,0.6496815286624202,BBB,2204.37,"+days_since_engage(+0.16), +pipeline_velocity(+0.16)"
IKU97NEU,Funholding,MG Advanced,Markita Hansen,Celia Rouche,West,Engaging,2017-04-10,,3393,0.6496815286624202,BBB,2204.37,"+days_since_engage(+0.16), +pipeline_velocity(+0.16)"
EMH2I8XE,Acme Corporation,MG Advanced,Lajuana Vencill,Dustin Brinkmann,Central,Engaging,2017-07-31,,3393,0.6496815286624202,BBB,2204.37,"+days_since_engage(+0.16), +pipeline_velocity(+0.16)"
K9KGXL2E,Lexiqvolax,MG Advanced,Markita Hansen,Celia Rouche,West,Engaging,2017-12-13,,3393,0.6276150627615062,BBB,2129.5,"+days_since_engage(+0.15), +pipeline_velocity(+0.15)"
SU1NDYXR,Stanredtax,GTX Plus Basic,Boris Faz,Rocco Neubert,East,Engaging,2017-08-16,,1096,0.7640449438202247,A,837.39,"+days_since_engage(+0.16), +pipeline_velocity(+0.16)"
RIC5ZHK4,Plussunin,GTX Plus Basic,Corliss Cosme,Cara Losch,East,Engaging,2017-05-07,,1096,0.7640449438202247,A,837.39,"+days_since_engage(+0.16), +pipeline_velocity(+0.16)"
JUHQ1POT,Streethex,GTX Plus Basic,Boris Faz,Rocco Neubert,East,Engaging,2017-07-01,,1096,0.7640449438202247,A,837.39,"+days_since_engage(+0.16), +pipeline_velocity(+0.16)"
SLYFFVBE,Blackzim,GTX Plus Basic,Maureen Marcano,Summer Sewald,West,Engaging,2017-03-07,,1096,0.7640449438202247,A,837.39,"+days_since_engage(+0.16), +pipeline_velocity(+0.16)"
GIPPUV2F,Nam-zim,GTX Plus Basic,Hayden Neloms,Celia Rouche,West,Engaging,2017-05-31,,1096,0.7640449438202247,A,837.39,"+days_since_engage(+0.16), +pipeline_velocity(+0.16)"
H7GXKD3O,Kan-code,GTX Plus Basic,Maureen Marcano,Summer Sewald,West,Engaging,2017-08-19,,1096,0.7640449438202247,A,837.39,"+days_since_engage(+0.16), +pipeline_velocity(+0.16)"
1VFT3UCK,Condax,GTX Plus Basic,Boris Faz,Rocco Neubert,East,Engaging,2017-08-21,,1096,0.7640449438202247,A,837.39,"+days_since_engage(+0.16), +pipeline_velocity(+0.16)"
DF1011UT,Konmatfix,GTX Plus Basic,Corliss Cosme,Cara Losch,East,Engaging,2017-03-17,,1096,0.7640449438202247,A,837.39,"+days_since_engage(+0.16), +pipeline_velocity(+0.16)"
0OESOJNN,Warephase,GTX Plus Basic,James Ascencio,Summer Sewald,West,Engaging,2017-01-17,,1096,0.7640449438202247,A,837.39,"+days_since_engage(+0.16), +pipeline_velocity(+0.16)"
P1SGQODJ,Rangreen,GTX Plus Basic,Boris Faz,Rocco Neubert,East,Engaging,2017-03-21,,1096,0.7640449438202247,A,837.39,"+days_since_engage(+0.16), +pipeline_velocity(+0.16)"
GEQ7KT9J,Plussunin,GTX Plus Basic,Wilburn Farren,Cara Losch,East,Engaging,2017-07-20,,1096,0.7640449438202247,A,837.39,"+days_since_engage(+0.16), +pipeline_velocity(+0.16)"
7Y530NLJ,Genco Pura Olive Oil Company,GTX Plus Basic,Boris Faz,Rocco Neubert,East,Engaging,2017-04-12,,1096,0.7640449438202247,A,837.39,"+days_since_engage(+0.16), +pipeline_velocity(+0.16)"
OI3UIKVF,Konmatfix,GTX Plus Basic,Hayden Neloms,Celia Rouche,West,Engaging,2017-07-20,,1096,0.7640449438202247,A,837.39,"+days_since_engage(+0.16), +pipeline_velocity(+0.16)"
S3LATQVJ,Kinnamplus,GTX Plus Basic,Versie Hillebrand,Dustin Brinkmann,Central,Engaging,2017-07-23,,1096,0.7640449438202247,A,837.39,"+days_since_engage(+0.16), +pipeline_velocity(+0.16)"
8SVMGDPA,Donquadtech,GTX Plus Basic,Maureen Marcano,Summer Sewald,West,Engaging,2017-05-09,,1096,0.7640449438202247,A,837.39,"+days_since_engage(+0.16), +pipeline_velocity(+0.16)"
WA4TPQ5U,Zoomit,GTX Plus Basic,Maureen Marcano,Summer Sewald,West,Engaging,2017-06-13,,1096,0.7640449438202247,A,837.39,"+days_since_engage(+0.16), +pipeline_velocity(+0.16)"
ACGLK2YE,Treequote,GTX Plus Basic,Moses Frase,Dustin Brinkmann,Central,Engaging,2017-08-05,,1096,0.7640449438202247,A,837.39,"+days_since_engage(+0.16), +pipeline_velocity(+0.16)"
CENVLTFH,Toughzap,GTX Plus Basic,Corliss Cosme,Cara Losch,East,Engaging,2017-01-28,,1096,0.7640449438202247,A,837.39,"+days_since_engage(+0.16), +pipeline_velocity(+0.16)"
NJC4XMEN,Initech,GTX Plus Basic,James Ascencio,Summer Sewald,West,Engaging,2017-09-09,,1096,0.7640449438202247,A,837.39,"+days_since_engage(+0.16), +pipeline_velocity(+0.16)"
O7UUAK3Y,dambase,GTX Plus Basic,Corliss Cosme,Cara Losch,East,Engaging,2017-01-02,,1096,0.7640449438202247,A,837.39,"+days_since_engage(+0.16), +pipeline_velocity(+0.16)"
61IKUAZI,Dalttechnology,GTX Plus Basic,Rosalina Dieter,Celia Rouche,West,Engaging,2017-09-20,,1096,0.7640449438202247,A,837.39,"+days_since_engage(+0.19), +pipeline_velocity(+0.16)"
IBZI95HI,Zoomit,GTX Plus Basic,James Ascencio,Summer Sewald,West,Engaging,2017-05-26,,1096,0.7640449438202247,A,837.39,"+days_since_engage(+0.16), +pipeline_velocity(+0.16)"
T4FQOS6J,Opentech,GTX Plus Basic,Maureen Marcano,Summer Sewald,West,Engaging,2017-05-14,,1096,0.7640449438202247,A,837.39,"+days_since_engage(+0.16), +pipeline_velocity(+0.16)"
WM7XURV6,Groovestreet,GTX Plus Basic,Corliss Cosme,Cara Losch,East,Engaging,2017-05-22,,1096,0.7640449438202247,A,837.39,"+days_since_engage(+0.16), +pipeline_velocity(+0.16)"
JCPQZ2SN,Cheers,GTX Plus Basic,Hayden Neloms,Celia Rouche,West,Engaging,2017-02-04,,1096,0.7640449438202247,A,837.39,"+days_since_engage(+0.16), +pipeline_velocity(+0.16)"
3H3TNCP5,Condax,GTX Plus Basic,James Ascencio,Summer Sewald,West,Engaging,2017-05-23,,1096,0.7640449438202247,A,837.39,"+days_since_engage(+0.16), +pipeline_velocity(+0.16)"
QELHQ898,Statholdings,GTX Plus Basic,Zane Levy,Summer Sewald,West,Engaging,2017-07-22,,1096,0.6821052631578948,BBB,747.59,"+days_since_engage(+0.16), +pipeline_velocity(+0.16)"
3N3RAHXR,Nam-zim,GTX Plus Basic,Cassey Cress,Rocco Neubert,East,Engaging,2017-03-19,,1096,0.6821052631578948,BBB,747.59,"+days_since_engage(+0.16), +pipeline_velocity(+0.16)"
OSG9KZGB,Kan-code,GTX Plus Basic,Anna Snelling,Dustin Brinkmann,Central,Engaging,2017-08-07,,1096,0.6821052631578948,BBB,747.59,"+days_since_engage(+0.16), +pipeline_velocity(+0.16)"
WZ3FJA3V,Labdrill,GTX Plus Basic,Zane Levy,Summer Sewald,West,Engaging,2017-08-25,,1096,0.6821052631578948,BBB,747.59,"+days_since_engage(+0.16), +pipeline_velocity(+0.16)"
H2MC2E7K,Condax,GTX Plus Basic,Vicki Laflamme,Celia Rouche,West,Engaging,2017-02-02,,1096,0.6821052631578948,BBB,747.59,"+days_since_engage(+0.16), +pipeline_velocity(+0.16)"
I9SPENCQ,Cheers,GTX Plus Basic,Violet Mclelland,Cara Losch,East,Engaging,2017-07-21,,1096,0.6821052631578948,BBB,747.59,"+days_since_engage(+0.16), +pipeline_velocity(+0.16)"
0QPZIIPF,Donware,GTX Plus Basic,Vicki Laflamme,Celia Rouche,West,Engaging,2017-03-27,,1096,0.6821052631578948,BBB,747.59,"+days_since_engage(+0.16), +pipeline_velocity(+0.16)"
OPCLCCQH,Konex,GTX Plus Basic,Kami Bicknell,Summer Sewald,West,Engaging,2017-03-16,,1096,0.6821052631578948,BBB,747.59,"+days_since_engage(+0.16), +pipeline_velocity(+0.16)"
MV7I9RKH,Treequote,GTX Plus Basic,Marty Freudenburg,Melvin Marxen,Central,Engaging,2017-07-21,,1096,0.6821052631578948,BBB,747.59,"+days_since_engage(+0.16), +pipeline_velocity(+0.16)"
RKOQZJZR,J-Texon,GTX Plus Basic,Zane Levy,Summer Sewald,West,Engaging,2017-09-11,,1096,0.6821052631578948,BBB,747.59,"+days_since_engage(+0.16), +pipeline_velocity(+0.16)"
9Z2WTTNY,Statholdings,GTX Plus Basic,Darcel Schlecht,Melvin Marxen,Central,Engaging,2017-07-28,,1096,0.6821052631578948,BBB,747.59,"+days_since_engage(+0.16), +pipeline_velocity(+0.16)"
FH30JK3J,Ontomedia,GTX Plus Basic,Cassey Cress,Rocco Neubert,East,Engaging,2017-09-06,,1096,0.6821052631578948,BBB,747.59,"+days_since_engage(+0.16), +pipeline_velocity(+0.16)"
1976N63N,Kinnamplus,GTX Plus Basic,Darcel Schlecht,Melvin Marxen,Central,Engaging,2017-07-26,,1096,0.6821052631578948,BBB,747.59,"+days_since_engage(+0.16), +pipeline_velocity(+0.16)"
S2Y2Q1D2,Singletechno,GTX Plus Basic,Marty Freudenburg,Melvin Marxen,Central,Engaging,2017-07-27,,1096,0.6821052631578948,BBB,747.59,"+days_since_engage(+0.16), +pipeline_velocity(+0.16)"
PU62ZGX4,Singletechno,GTX Plus Basic,Jonathan Berthelot,Melvin Marxen,Central,Engaging,2017-07-27,,1096,0.6821052631578948,BBB,747.59,"+days_since_engage(+0.16), +pipeline_velocity(+0.16)"
29W6WPLA,Gekko & Co,GTX Plus Basic,Jonathan Berthelot,Melvin Marxen,Central,Engaging,2017-07-20,,1096,0.6821052631578948,BBB,747.59,"+days_since_engage(+0.16), +pipeline_velocity(+0.16)"
CYWZJ2AI,Donquadtech,GTX Plus Basic,Kary Hendrixson,Summer Sewald,West,Engaging,2017-02-20,,1096,0.6821052631578948,BBB,747.59,"+days_since_engage(+0.16), +pipeline_velocity(+0.16)"
BTT6YAVZ,Green-Plus,GTX Plus Basic,Zane Levy,Summer Sewald,West,Engaging,2017-01-01,,1096,0.6821052631578948,BBB,747.59,"+days_since_engage(+0.16), +pipeline_velocity(+0.16)"
9M72KPA3,Bluth Company,GTX Plus Basic,Kami Bicknell,Summer Sewald,West,Engaging,2017-07-29,,1096,0.6821052631578948,BBB,747.59,"+days_since_engage(+0.16), +pipeline_velocity(+0.16)"
37UCYEDY,Bluth Company,GTX Plus Basic,Cassey Cress,Rocco Neubert,East,Engaging,2017-07-26,,1096,0.6821052631578948,BBB,747.59,"+days_since_engage(+0.16), +pipeline_velocity(+0.16)"
PYRLUYIQ,Y-corporation,GTX Plus Basic,Marty Freudenburg,Melvin Marxen,Central,Engaging,2017-07-27,,1096,0.6821052631578948,BBB,747.59,"+days_since_engage(+0.16), +pipeline_velocity(+0.16)"
SY61BAXZ,Rantouch,GTX Plus Basic,Cassey Cress,Rocco Neubert,East,Engaging,2017-08-17,,1096,0.6821052631578948,BBB,747.59,"+days_since_engage(+0.16), +pipeline_velocity(+0.16)"
LMOAYCUK,Plusstrip,GTX Plus Basic,Kami Bicknell,Summer Sewald,West,Engaging,2017-01-11,,1096,0.6821052631578948,BBB,747.59,"+days_since_engage(+0.16), +pipeline_velocity(+0.16)"
Y3AAS62P,Zoomit,GTX Plus Basic,Vicki Laflamme,Celia Rouche,West,Engaging,2017-09-12,,1096,0.6821052631578948,BBB,747.59,"+days_since_engage(+0.16), +pipeline_velocity(+0.16)"
PM2BF2KB,Xx-holding,GTX Plus Basic,Cassey Cress,Rocco Neubert,East,Engaging,2017-12-13,,1096,0.6821052631578948,BBB,747.59,"+days_since_engage(+0.15), +pipeline_velocity(+0.15)"
7P069DNF,Labdrill,GTX Plus Basic,Kary Hendrixson,Summer Sewald,West,Engaging,2017-08-20,,1096,0.6821052631578948,BBB,747.59,"+days_since_engage(+0.16), +pipeline_velocity(+0.16)"
MUSSD9WD,Goodsilron,GTX Plus Basic,Darcel Schlecht,Melvin Marxen,Central,Engaging,2017-08-09,,1096,0.6821052631578948,BBB,747.59,"+days_since_engage(+0.16), +pipeline_velocity(+0.16)"
SKBDCYV5,Zencorporation,GTX Plus Basic,Zane Levy,Summer Sewald,West,Engaging,2017-04-09,,1096,0.6821052631578948,BBB,747.59,"+days_since_engage(+0.16), +pipeline_velocity(+0.16)"
PKDJTR06,Hatfan,GTX Plus Basic,Kami Bicknell,Summer Sewald,West,Engaging,2017-01-24,,1096,0.6821052631578948,BBB,747.59,"+days_since_engage(+0.16), +pipeline_velocity(+0.16)"
SU8JNMP4,Bubba Gump,GTX Plus Basic,Kami Bicknell,Summer Sewald,West,Engaging,2016-11-24,,1096,0.6821052631578948,BBB,747.59,"+days_since_engage(+0.16), +pipeline_velocity(+0.16)"
T56J7ES7,Nam-zim,GTX Plus Basic,Kami Bicknell,Summer Sewald,West,Engaging,2017-06-09,,1096,0.6821052631578948,BBB,747.59,"+days_since_engage(+0.16), +pipeline_velocity(+0.16)"
7D75QXBD,Groovestreet,GTX Plus Basic,Kary Hendrixson,Summer Sewald,West,Engaging,2017-05-18,,1096,0.6821052631578948,BBB,747.59,"+days_since_engage(+0.16), +pipeline_velocity(+0.16)"
HIV4W2E0,Betasoloin,GTX Plus Basic,Kary Hendrixson,Summer Sewald,West,Engaging,2017-07-02,,1096,0.6821052631578948,BBB,747.59,"+days_since_engage(+0.16), +pipeline_velocity(+0.16)"
SE6OIGYN,Isdom,GTX Plus Basic,Violet Mclelland,Cara Losch,East,Engaging,2017-06-12,,1096,0.6821052631578948,BBB,747.59,"+days_since_engage(+0.16), +pipeline_velocity(+0.16)"
7868JVH9,Rantouch,GTX Plus Basic,Cassey Cress,Rocco Neubert,East,Engaging,2017-08-29,,1096,0.6821052631578948,BBB,747.59,"+days_since_engage(+0.16), +pipeline_velocity(+0.16)"
5653N8BM,Zoomit,GTX Plus Basic,Rosie Papadopoulos,Cara Losch,East,Engaging,2017-06-11,,1096,0.6821052631578948,BBB,747.59,"+days_since_engage(+0.16), +pipeline_velocity(+0.16)"
J53D8EOL,Hottechi,GTX Plus Basic,Kary Hendrixson,Summer Sewald,West,Engaging,2016-12-14,,1096,0.6821052631578948,BBB,747.59,"+days_since_engage(+0.16), +pipeline_velocity(+0.16)"
Z236WCM1,Vehement Capital Partners,GTX Plus Basic,Kary Hendrixson,Summer Sewald,West,Engaging,2017-05-05,,1096,0.6821052631578948,BBB,747.59,"+days_since_engage(+0.16), +pipeline_velocity(+0.16)"
5M5TW9RC,Umbrella Corporation,GTX Plus Basic,Cassey Cress,Rocco Neubert,East,Engaging,2017-07-07,,1096,0.6821052631578948,BBB,747.59,"+days_since_engage(+0.16), +pipeline_velocity(+0.16)"
LCQ934W7,Xx-holding,GTX Plus Basic,Cassey Cress,Rocco Neubert,East,Engaging,2017-05-05,,1096,0.6821052631578948,BBB,747.59,"+days_since_engage(+0.16), +pipeline_velocity(+0.16)"
R9AVNYCO,Conecom,GTX Plus Basic,Zane Levy,Summer Sewald,West,Engaging,2017-06-07,,1096,0.6821052631578948,BBB,747.59,"+days_since_engage(+0.16), +pipeline_velocity(+0.16)"
OO9U4C0Y,Y-corporation,GTX Plus Basic,Cassey Cress,Rocco Neubert,East,Engaging,2017-08-27,,1096,0.6821052631578948,BBB,747.59,"+days_since_engage(+0.16), +pipeline_velocity(+0.16)"
BO1ZOZG2,Ontomedia,GTX Plus Basic,Kary Hendrixson,Summer Sewald,West,Engaging,2017-05-28,,1096,0.6821052631578948,BBB,747.59,"+days_since_engage(+0.16), +pipeline_velocity(+0.16)"
MPME6VZD,Dontechi,GTX Plus Basic,Kami Bicknell,Summer Sewald,West,Engaging,2017-05-29,,1096,0.6821052631578948,BBB,747.59,"+days_since_engage(+0.16), +pipeline_velocity(+0.16)"
H3DYTZIQ,Scottech,GTX Plus Basic,Cassey Cress,Rocco Neubert,East,Engaging,2017-06-18,,1096,0.6821052631578948,BBB,747.59,"+days_since_engage(+0.16), +pipeline_velocity(+0.16)"
GWOOPZE8,Cheers,GTX Plus Basic,Cassey Cress,Rocco Neubert,East,Engaging,2017-10-01,,1096,0.6684210526315789,BBB,732.59,"+pipeline_velocity(+0.16), +days_since_engage(+0.09)"
25FUROM1,Y-corporation,GTX Plus Basic,Daniell Hammack,Rocco Neubert,East,Engaging,2017-02-27,,1096,0.668228678537957,BBB,732.38,"+days_since_engage(+0.16), +pipeline_velocity(+0.16)"
DZP0MNRM,Konex,GTX Plus Basic,Niesha Huffines,Melvin Marxen,Central,Engaging,2017-07-25,,1096,0.668228678537957,BBB,732.38,"+days_since_engage(+0.16), +pipeline_velocity(+0.16)"
579LZ3F9,J-Texon,GTX Plus Basic,Daniell Hammack,Rocco Neubert,East,Engaging,2016-11-24,,1096,0.668228678537957,BBB,732.38,"+days_since_engage(+0.16), +pipeline_velocity(+0.16)"
IE7VQ5BA,Finhigh,GTX Plus Basic,Daniell Hammack,Rocco Neubert,East,Engaging,2016-12-23,,1096,0.668228678537957,BBB,732.38,"+days_since_engage(+0.16), +pipeline_velocity(+0.16)"
WQ5U8PPM,Umbrella Corporation,GTX Plus Basic,Niesha Huffines,Melvin Marxen,Central,Engaging,2017-07-26,,1096,0.668228678537957,BBB,732.38,"+days_since_engage(+0.16), +pipeline_velocity(+0.16)"
Z9S1ZX7W,Condax,GTX Plus Basic,Daniell Hammack,Rocco Neubert,East,Engaging,2017-07-02,,1096,0.668228678537957,BBB,732.38,"+days_since_engage(+0.16), +pipeline_velocity(+0.16)"
YMWG4Z3S,Warephase,GTX Plus Basic,Kary Hendrixson,Summer Sewald,West,Engaging,2017-11-23,,1096,0.668228678537957,BBB,732.38,"+days_since_engage(+0.15), +pipeline_velocity(+0.06)"
TOJ902PF,Bioholding,GTX Plus Basic,Daniell Hammack,Rocco Neubert,East,Engaging,2017-12-15,,1096,0.668228678537957,BBB,732.38,"+days_since_engage(+0.15), +pipeline_velocity(+0.15)"
TX5SADEI,Dontechi,GTX Plus Basic,Niesha Huffines,Melvin Marxen,Central,Engaging,2017-07-30,,1096,0.668228678537957,BBB,732.38,"+days_since_engage(+0.16), +pipeline_velocity(+0.16)"
22HV3N2W,Rangreen,GTX Plus Basic,Niesha Huffines,Melvin Marxen,Central,Engaging,2017-08-01,,1096,0.668228678537957,BBB,732.38,"+days_since_engage(+0.16), +pipeline_velocity(+0.16)"
0N11U6L3,Acme Corporation,GTX Plus Basic,Daniell Hammack,Rocco Neubert,East,Engaging,2017-10-30,,1096,0.668228678537957,BBB,732.38,"+pipeline_velocity(+0.19), +days_since_engage(+0.06)"
ATMWAQL5,Gogozoom,GTX Plus Basic,Niesha Huffines,Melvin Marxen,Central,Engaging,2017-08-03,,1096,0.668228678537957,BBB,732.38,"+days_since_engage(+0.16), +pipeline_velocity(+0.16)"
BJJQSJD8,Zotware,GTX Plus Basic,Daniell Hammack,Rocco Neubert,East,Engaging,2017-06-09,,1096,0.668228678537957,BBB,732.38,"+days_since_engage(+0.16), +pipeline_velocity(+0.16)"
49SUORYW,Betasoloin,GTX Plus Basic,Niesha Huffines,Melvin Marxen,Central,Engaging,2017-08-04,,1096,0.668228678537957,BBB,732.38,"+days_since_engage(+0.16), +pipeline_velocity(+0.16)"
XYLNH45V,Zathunicon,GTX Plus Basic,Daniell Hammack,Rocco Neubert,East,Engaging,2017-01-31,,1096,0.668228678537957,BBB,732.38,"+days_since_engage(+0.16), +pipeline_velocity(+0.16)"
I6M40320,Betatech,GTX Plus Basic,Niesha Huffines,Melvin Marxen,Central,Engaging,2017-08-07,,1096,0.668228678537957,BBB,732.38,"+days_since_engage(+0.16), +pipeline_velocity(+0.16)"
G1M1KVHU,Xx-zobam,GTX Plus Basic,Niesha Huffines,Melvin Marxen,Central,Engaging,2017-07-23,,1096,0.668228678537957,BBB,732.38,"+days_since_engage(+0.16), +pipeline_velocity(+0.16)"
CN8X0DLA,Stanredtax,GTX Plus Basic,Daniell Hammack,Rocco Neubert,East,Engaging,2017-08-24,,1096,0.668228678537957,BBB,732.38,"+days_since_engage(+0.16), +pipeline_velocity(+0.16)"
GXIVJQPG,Xx-zobam,GTX Plus Basic,Daniell Hammack,Rocco Neubert,East,Engaging,2017-10-01,,1096,0.668228678537957,BBB,732.38,"+pipeline_velocity(+0.16), +days_since_engage(+0.09)"
TWEVVI99,Scottech,GTX Plus Basic,Daniell Hammack,Rocco Neubert,East,Engaging,2017-08-25,,1096,0.668228678537957,BBB,732.38,"+days_since_engage(+0.16), +pipeline_velocity(+0.16)"
751V8OFM,Funholding,GTX Plus Basic,Gladys Colclough,Melvin Marxen,Central,Engaging,2017-07-22,,1096,0.668228678537957,BBB,732.38,"+days_since_engage(+0.16), +pipeline_velocity(+0.16)"
LORMJLTE,Konmatfix,GTX Plus Basic,Lajuana Vencill,Dustin Brinkmann,Central,Engaging,2017-07-19,,1096,0.6496815286624202,BBB,712.05,"+days_since_engage(+0.16), +pipeline_velocity(+0.16)"
NEFPSWOJ,Toughzap,GTX Plus Basic,Markita Hansen,Celia Rouche,West,Engaging,2017-06-16,,1096,0.6496815286624202,BBB,712.05,"+days_since_engage(+0.16), +pipeline_velocity(+0.16)"
XSEG5T4H,Zoomit,GTX Plus Basic,Markita Hansen,Celia Rouche,West,Engaging,2017-11-03,,1096,0.6276150627615062,BBB,687.87,"+pipeline_velocity(+0.09), +days_since_engage(+0.06)"
NXXKM7C7,Cancity,GTX Plus Basic,Daniell Hammack,Rocco Neubert,East,Engaging,2017-11-14,,1096,0.6276150627615062,BBB,687.87,"+pipeline_velocity(+0.08), +days_since_engage(+0.06)"
AI76U58A,Treequote,GTX Basic,Maureen Marcano,Summer Sewald,West,Engaging,2016-12-25,,550,0.7640449438202247,A,420.22,"+days_since_engage(+0.16), +pipeline_velocity(+0.16)"
USVLKDF4,Dontechi,GTX Basic,Corliss Cosme,Cara Losch,East,Engaging,2017-02-04,,550,0.7640449438202247,A,420.22,"+days_since_engage(+0.16), +pipeline_velocity(+0.16)"
1UW6ILCH,Bioplex,GTX Basic,Maureen Marcano,Summer Sewald,West,Engaging,2017-09-05,,550,0.7640449438202247,A,420.22,"+days_since_engage(+0.16), +pipeline_velocity(+0.16)"
ALHQU8W8,Plexzap,GTX Basic,Corliss Cosme,Cara Losch,East,Engaging,2017-03-20,,550,0.7640449438202247,A,420.22,"+days_since_engage(+0.16), +pipeline_velocity(+0.16)"
693K7IAT,Funholding,GTX Basic,Boris Faz,Rocco Neubert,East,Engaging,2017-08-07,,550,0.7640449438202247,A,420.22,"+days_since_engage(+0.16), +pipeline_velocity(+0.16)"
0DRC1U9Q,Green-Plus,GTX Basic,Maureen Marcano,Summer Sewald,West,Engaging,2016-11-20,,550,0.7640449438202247,A,420.22,"+days_since_engage(+0.16), +pipeline_velocity(+0.16)"
CX0SXNCN,Treequote,GTX Basic,Corliss Cosme,Cara Losch,East,Engaging,2017-05-21,,550,0.7640449438202247,A,420.22,"+days_since_engage(+0.16), +pipeline_velocity(+0.16)"
2MKG6ZDD,Domzoom,GTX Basic,James Ascencio,Summer Sewald,West,Engaging,2017-06-20,,550,0.7640449438202247,A,420.22,"+days_since_engage(+0.16), +pipeline_velocity(+0.16)"
VPG5E490,Bubba Gump,GTX Basic,Boris Faz,Rocco Neubert,East,Engaging,2017-05-11,,550,0.7640449438202247,A,420.22,"+days_since_engage(+0.16), +pipeline_velocity(+0.16)"
EQCD7G7Q,Initech,GTX Basic,Rosalina Dieter,Celia Rouche,West,Engaging,2017-01-08,,550,0.7640449438202247,A,420.22,"+days_since_engage(+0.16), +pipeline_velocity(+0.16)"
VRYR5A81,Finhigh,GTX Basic,Wilburn Farren,Cara Losch,East,Engaging,2017-03-25,,550,0.7640449438202247,A,420.22,"+days_since_engage(+0.16), +pipeline_velocity(+0.16)"
7DT8UKKY,Zencorporation,GTX Basic,Corliss Cosme,Cara Losch,East,Engaging,2017-05-01,,550,0.7640449438202247,A,420.22,"+days_since_engage(+0.16), +pipeline_velocity(+0.16)"
M7I5O9YU,Cheers,GTX Basic,Corliss Cosme,Cara Losch,East,Engaging,2016-11-23,,550,0.7640449438202247,A,420.22,"+days_since_engage(+0.16), +pipeline_velocity(+0.16)"
0K59ZLQC,Donquadtech,GTX Basic,Corliss Cosme,Cara Losch,East,Engaging,2017-05-18,,550,0.7640449438202247,A,420.22,"+days_since_engage(+0.16), +pipeline_velocity(+0.16)"
11V16SZZ,Labdrill,GTX Basic,Corliss Cosme,Cara Losch,East,Engaging,2017-05-24,,550,0.7640449438202247,A,420.22,"+days_since_engage(+0.16), +pipeline_velocity(+0.16)"
9P180HVQ,Zencorporation,GTX Basic,Moses Frase,Dustin Brinkmann,Central,Engaging,2017-08-05,,550,0.7640449438202247,A,420.22,"+days_since_engage(+0.16), +pipeline_velocity(+0.16)"
T0VJ4AMX,Green-Plus,GTX Basic,Corliss Cosme,Cara Losch,East,Engaging,2017-03-31,,550,0.7640449438202247,A,420.22,"+days_since_engage(+0.16), +pipeline_velocity(+0.16)"
B3A6VXVQ,Acme Corporation,GTX Basic,Corliss Cosme,Cara Losch,East,Engaging,2017-07-08,,550,0.7640449438202247,A,420.22,"+days_since_engage(+0.16), +pipeline_velocity(+0.16)"
QU220OFI,Finhigh,GTX Basic,Boris Faz,Rocco Neubert,East,Engaging,2017-07-08,,550,0.7640449438202247,A,420.22,"+days_since_engage(+0.16), +pipeline_velocity(+0.16)"
VXMFL425,Faxquote,GTX Basic,James Ascencio,Summer Sewald,West,Engaging,2017-02-12,,550,0.7640449438202247,A,420.22,"+days_since_engage(+0.16), +pipeline_velocity(+0.16)"
PODXJ4SP,Donquadtech,GTX Basic,Maureen Marcano,Summer Sewald,West,Engaging,2017-08-18,,550,0.7640449438202247,A,420.22,"+days_since_engage(+0.16), +pipeline_velocity(+0.16)"
NX2EICNQ,Kan-code,GTX Basic,Versie Hillebrand,Dustin Brinkmann,Central,Engaging,2017-07-28,,550,0.7640449438202247,A,420.22,"+days_since_engage(+0.16), +pipeline_velocity(+0.16)"
806KPNNN,Zathunicon,GTX Basic,Versie Hillebrand,Dustin Brinkmann,Central,Engaging,2017-07-24,,550,0.7640449438202247,A,420.22,"+days_since_engage(+0.16), +pipeline_velocity(+0.16)"
7MP6KLZO,Goodsilron,GTX Basic,Moses Frase,Dustin Brinkmann,Central,Engaging,2017-07-24,,550,0.7640449438202247,A,420.22,"+days_since_engage(+0.16), +pipeline_velocity(+0.16)"
5VW9YVTU,Condax,GTX Basic,Moses Frase,Dustin Brinkmann,Central,Engaging,2017-08-04,,550,0.7640449438202247,A,420.22,"+days_since_engage(+0.16), +pipeline_velocity(+0.16)"
ISQJD695,Sunnamplex,GTX Basic,Boris Faz,Rocco Neubert,East,Engaging,2017-07-16,,550,0.7640449438202247,A,420.22,"+days_since_engage(+0.16), +pipeline_velocity(+0.16)"
3CB3WNBM,Kinnamplus,GTX Basic,Boris Faz,Rocco Neubert,East,Engaging,2017-07-17,,550,0.7640449438202247,A,420.22,"+days_since_engage(+0.16), +pipeline_velocity(+0.16)"
JIACLB24,Scottech,GTX Basic,Vicki Laflamme,Celia Rouche,West,Engaging,2017-01-14,,550,0.6821052631578948,BBB,375.16,"+days_since_engage(+0.16), +pipeline_velocity(+0.16)"
0I6U3MQ6,Funholding,GTX Basic,Violet Mclelland,Cara Losch,East,Engaging,2017-01-12,,550,0.6821052631578948,BBB,375.16,"+days_since_engage(+0.16), +pipeline_velocity(+0.16)"
RYWETTBK,Fasehatice,GTX Basic,Kami Bicknell,Summer Sewald,West,Engaging,2017-10-20,,550,0.6821052631578948,BBB,375.16,"+pipeline_velocity(+0.16), +days_since_engage(+0.08)"
9A9E1KPG,Genco Pura Olive Oil Company,GTX Basic,Elease Gluck,Celia Rouche,West,Engaging,2017-02-08,,550,0.6821052631578948,BBB,375.16,"+days_since_engage(+0.16), +pipeline_velocity(+0.16)"
I35REHYN,Genco Pura Olive Oil Company,GTX Basic,Vicki Laflamme,Celia Rouche,West,Engaging,2017-09-12,,550,0.6821052631578948,BBB,375.16,"+days_since_engage(+0.16), +pipeline_velocity(+0.16)"
XBPJ6M4K,Finhigh,GTX Basic,Kary Hendrixson,Summer Sewald,West,Engaging,2017-08-31,,550,0.6821052631578948,BBB,375.16,"+days_since_engage(+0.16), +pipeline_velocity(+0.16)"
MBPJUJ7F,Plexzap,GTX Basic,Jonathan Berthelot,Melvin Marxen,Central,Engaging,2017-08-10,,550,0.6821052631578948,BBB,375.16,"+days_since_engage(+0.16), +pipeline_velocity(+0.16)"
S6645YWA,Y-corporation,GTX Basic,Kami Bicknell,Summer Sewald,West,Engaging,2017-02-07,,550,0.6821052631578948,BBB,375.16,"+days_since_engage(+0.16), +pipeline_velocity(+0.16)"
MGD7DZAU,Globex Corporation,GTX Basic,Kami Bicknell,Summer Sewald,West,Engaging,2017-05-19,,550,0.6821052631578948,BBB,375.16,"+days_since_engage(+0.16), +pipeline_velocity(+0.16)"
CLRPASVW,Cancity,GTX Basic,Kami Bicknell,Summer Sewald,West,Engaging,2017-08-08,,550,0.6821052631578948,BBB,375.16,"+days_since_engage(+0.16), +pipeline_velocity(+0.16)"
YM8DBAFV,Sumace,GTX Basic,Cassey Cress,Rocco Neubert,East,Engaging,2017-02-05,,550,0.6821052631578948,BBB,375.16,"+days_since_engage(+0.16), +pipeline_velocity(+0.16)"
S2MSQIXP,Hottechi,GTX Basic,Zane Levy,Summer Sewald,West,Engaging,2017-04-19,,550,0.6821052631578948,BBB,375.16,"+days_since_engage(+0.16), +pipeline_velocity(+0.16)"
WARBRUXU,Stanredtax,GTX Basic,Jonathan Berthelot,Melvin Marxen,Central,Engaging,2017-07-21,,550,0.6821052631578948,BBB,375.16,"+days_since_engage(+0.16), +pipeline_velocity(+0.16)"
NFMCPYOV,Finjob,GTX Basic,Rosie Papadopoulos,Cara Losch,East,Engaging,2017-03-30,,550,0.6821052631578948,BBB,375.16,"+days_since_engage(+0.16), +pipeline_velocity(+0.16)"
Z9QZKUV5,Zumgoity,GTX Basic,Zane Levy,Summer Sewald,West,Engaging,2017-03-30,,550,0.6821052631578948,BBB,375.16,"+days_since_engage(+0.16), +pipeline_velocity(+0.16)"
YLK0MRJ3,Iselectrics,GTX Basic,Kary Hendrixson,Summer Sewald,West,Engaging,2017-04-01,,550,0.6821052631578948,BBB,375.16,"+days_since_engage(+0.16), +pipeline_velocity(+0.16)"
X3ZSQCH8,Scotfind,GTX Basic,Kami Bicknell,Summer Sewald,West,Engaging,2017-02-10,,550,0.6821052631578948,BBB,375.16,"+days_since_engage(+0.16), +pipeline_velocity(+0.16)"
HHDQ9EW4,Inity,GTX Basic,Kami Bicknell,Summer Sewald,West,Engaging,2017-04-28,,550,0.6821052631578948,BBB,375.16,"+days_since_engage(+0.16), +pipeline_velocity(+0.16)"
PO158L29,Blackzim,GTX Basic,Cassey Cress,Rocco Neubert,East,Engaging,2017-03-23,,550,0.6821052631578948,BBB,375.16,"+days_since_engage(+0.16), +pipeline_velocity(+0.16)"
246MLWZ7,Rangreen,GTX Basic,Zane Levy,Summer Sewald,West,Engaging,2017-05-09,,550,0.6821052631578948,BBB,375.16,"+days_since_engage(+0.16), +pipeline_velocity(+0.16)"
V4XHHFO3,Blackzim,GTX Basic,Elease Gluck,Celia Rouche,West,Engaging,2017-03-15,,550,0.6821052631578948,BBB,375.16,"+days_since_engage(+0.16), +pipeline_velocity(+0.16)"
73HO9OZC,Finjob,GTX Basic,Cassey Cress,Rocco Neubert,East,Engaging,2017-03-12,,550,0.6821052631578948,BBB,375.16,"+days_since_engage(+0.16), +pipeline_velocity(+0.16)"
OM8LELJW,Iselectrics,GTX Basic,Kary Hendrixson,Summer Sewald,West,Engaging,2017-09-06,,550,0.6821052631578948,BBB,375.16,"+days_since_engage(+0.16), +pipeline_velocity(+0.16)"
GK1NH8G7,Iselectrics,GTX Basic,Kami Bicknell,Summer Sewald,West,Engaging,2017-03-16,,550,0.6821052631578948,BBB,375.16,"+days_since_engage(+0.16), +pipeline_velocity(+0.16)"
Y3TOQUQI,Zotware,GTX Basic,Marty Freudenburg,Melvin Marxen,Central,Engaging,2017-07-25,,550,0.6821052631578948,BBB,375.16,"+days_since_engage(+0.16), +pipeline_velocity(+0.16)"
NCMT5KK3,Dalttechnology,GTX Basic,Vicki Laflamme,Celia Rouche,West,Engaging,2017-03-07,,550,0.6821052631578948,BBB,375.16,"+days_since_engage(+0.16), +pipeline_velocity(+0.16)"
ZTLLHCBU,Dontechi,GTX Basic,Kary Hendrixson,Summer Sewald,West,Engaging,2017-03-07,,550,0.6821052631578948,BBB,375.16,"+days_since_engage(+0.16), +pipeline_velocity(+0.16)"
FWTTJ2G8,Initech,GTX Basic,Kary Hendrixson,Summer Sewald,West,Engaging,2017-05-06,,550,0.6821052631578948,BBB,375.16,"+days_since_engage(+0.16), +pipeline_velocity(+0.16)"
I92EJ805,Bluth Company,GTX Basic,Kami Bicknell,Summer Sewald,West,Engaging,2017-05-01,,550,0.6821052631578948,BBB,375.16,"+days_since_engage(+0.16), +pipeline_velocity(+0.16)"
4CXUC4VR,Rantouch,GTX Basic,Vicki Laflamme,Celia Rouche,West,Engaging,2017-03-02,,550,0.6821052631578948,BBB,375.16,"+days_since_engage(+0.16), +pipeline_velocity(+0.16)"
STT3X4NB,Xx-holding,GTX Basic,Violet Mclelland,Cara Losch,East,Engaging,2017-03-01,,550,0.6821052631578948,BBB,375.16,"+days_since_engage(+0.16), +pipeline_velocity(+0.16)"
HABN7JBG,Rantouch,GTX Basic,Elease Gluck,Celia Rouche,West,Engaging,2017-06-17,,550,0.6821052631578948,BBB,375.16,"+days_since_engage(+0.16), +pipeline_velocity(+0.16)"
AW4PSTWR,Ron-tech,GTX Basic,Rosie Papadopoulos,Cara Losch,East,Engaging,2017-06-25,,550,0.6821052631578948,BBB,375.16,"+days_since_engage(+0.16), +pipeline_velocity(+0.16)"
T5SX9Z3T,Conecom,GTX Basic,Vicki Laflamme,Celia Rouche,West,Engaging,2017-05-10,,550,0.6821052631578948,BBB,375.16,"+days_since_engage(+0.16), +pipeline_velocity(+0.16)"
NJNY07JZ,Codehow,GTX Basic,Darcel Schlecht,Melvin Marxen,Central,Engaging,2017-07-29,,550,0.6821052631578948,BBB,375.16,"+days_since_engage(+0.16), +pipeline_velocity(+0.16)"
BNY8MJ6L,Labdrill,GTX Basic,Kary Hendrixson,Summer Sewald,West,Engaging,2017-02-16,,550,0.6821052631578948,BBB,375.16,"+days_since_engage(+0.16), +pipeline_velocity(+0.16)"
S8FODURJ,Nam-zim,GTX Basic,Zane Levy,Summer Sewald,West,Engaging,2017-09-07,,550,0.6821052631578948,BBB,375.16,"+days_since_engage(+0.16), +pipeline_velocity(+0.16)"
O0L6JUYE,Bluth Company,GTX Basic,Marty Freudenburg,Melvin Marxen,Central,Engaging,2017-08-12,,550,0.6821052631578948,BBB,375.16,"+days_since_engage(+0.16), +pipeline_velocity(+0.16)"
YB4YJTK4,Lexiqvolax,GTX Basic,Kami Bicknell,Summer Sewald,West,Engaging,2017-08-23,,550,0.6821052631578948,BBB,375.16,"+days_since_engage(+0.16), +pipeline_velocity(+0.16)"
WJQ8VD51,Faxquote,GTX Basic,Kami Bicknell,Summer Sewald,West,Engaging,2017-02-19,,550,0.6821052631578948,BBB,375.16,"+days_since_engage(+0.16), +pipeline_velocity(+0.16)"
LTVGILHP,Bioholding,GTX Basic,Kary Hendrixson,Summer Sewald,West,Engaging,2017-05-11,,550,0.6821052631578948,BBB,375.16,"+days_since_engage(+0.16), +pipeline_velocity(+0.16)"
8I84MV5A,Zencorporation,GTX Basic,Cassey Cress,Rocco Neubert,East,Engaging,2017-05-11,,550,0.6821052631578948,BBB,375.16,"+days_since_engage(+0.16), +pipeline_velocity(+0.16)"
P7MSQO38,Yearin,GTX Basic,Anna Snelling,Dustin Brinkmann,Central,Engaging,2017-07-28,,550,0.6821052631578948,BBB,375.16,"+days_since_engage(+0.16), +pipeline_velocity(+0.16)"
Q19RWR17,Rundofase,GTX Basic,Vicki Laflamme,Celia Rouche,West,Engaging,2017-02-22,,550,0.6821052631578948,BBB,375.16,"+days_since_engage(+0.16), +pipeline_velocity(+0.16)"
GY10EROJ,Cheers,GTX Basic,Jonathan Berthelot,Melvin Marxen,Central,Engaging,2017-07-20,,550,0.6821052631578948,BBB,375.16,"+days_since_engage(+0.16), +pipeline_velocity(+0.16)"
J5BCAQ1Z,Bioplex,GTX Basic,Zane Levy,Summer Sewald,West,Engaging,2017-12-15,,550,0.676923076923077,BBB,372.31,"+days_since_engage(+0.15), +pipeline_velocity(+0.15)"
EM1BA4EK,Scotfind,GTX Basic,Cassey Cress,Rocco Neubert,East,Engaging,2017-10-01,,550,0.6684210526315789,BBB,367.63,"+pipeline_velocity(+0.16), +days_since_engage(+0.09)"
7EHJYKWE,Xx-holding,GTX Basic,Kary Hendrixson,Summer Sewald,West,Engaging,2017-10-28,,550,0.6684194906271874,BBB,367.63,"+pipeline_velocity(+0.19), +days_since_engage(+0.06)"
ORYORRQV,Hottechi,GTX Basic,Kary Hendrixson,Summer Sewald,West,Engaging,2017-10-13,,550,0.6683348947814355,BBB,367.58,"+pipeline_velocity(+0.16), +days_since_engage(+0.08)"
RJYG004O,Domzoom,GTX Basic,Daniell Hammack,Rocco Neubert,East,Engaging,2016-12-16,,550,0.668228678537957,BBB,367.53,"+days_since_engage(+0.16), +pipeline_velocity(+0.16)"
J1G2SZKD,Goodsilron,GTX Basic,Zane Levy,Summer Sewald,West,Engaging,2017-11-22,,550,0.668228678537957,BBB,367.53,"+days_since_engage(+0.15), +pipeline_velocity(+0.06)"
J9PCNCUP,Golddex,GTX Basic,Kary Hendrixson,Summer Sewald,West,Engaging,2017-11-06,,550,0.668228678537957,BBB,367.53,"+pipeline_velocity(+0.09), +days_since_engage(+0.06)"
X9HFP474,Dontechi,GTX Basic,Daniell Hammack,Rocco Neubert,East,Engaging,2017-07-12,,550,0.668228678537957,BBB,367.53,"+days_since_engage(+0.16), +pipeline_velocity(+0.16)"
GWQX8BSZ,Donquadtech,GTX Basic,Niesha Huffines,Melvin Marxen,Central,Engaging,2017-07-30,,550,0.668228678537957,BBB,367.53,"+days_since_engage(+0.16), +pipeline_velocity(+0.16)"
ICG3THQK,Sumace,GTX Basic,Gladys Colclough,Melvin Marxen,Central,Engaging,2017-07-31,,550,0.668228678537957,BBB,367.53,"+days_since_engage(+0.16), +pipeline_velocity(+0.16)"
2WDSO6PG,Hatfan,GTX Basic,Niesha Huffines,Melvin Marxen,Central,Engaging,2017-07-19,,550,0.668228678537957,BBB,367.53,"+days_since_engage(+0.16), +pipeline_velocity(+0.16)"
26CH1NDR,Mathtouch,GTX Basic,Daniell Hammack,Rocco Neubert,East,Engaging,2017-03-09,,550,0.668228678537957,BBB,367.53,"+days_since_engage(+0.16), +pipeline_velocity(+0.16)"
Q65B52C5,Kan-code,GTX Basic,Niesha Huffines,Melvin Marxen,Central,Engaging,2017-07-31,,550,0.668228678537957,BBB,367.53,"+days_since_engage(+0.16), +pipeline_velocity(+0.16)"
F761DF0M,Silis,GTX Basic,Zane Levy,Summer Sewald,West,Engaging,2017-10-11,,550,0.668237976139866,BBB,367.53,"+pipeline_velocity(+0.16), +days_since_engage(+0.09)"
L8XNQONA,Inity,GTX Basic,Zane Levy,Summer Sewald,West,Engaging,2017-11-27,,550,0.668228678537957,BBB,367.53,"+days_since_engage(+0.15), +pipeline_velocity(+0.06)"
B4SIVH1O,Fasehatice,GTX Basic,Daniell Hammack,Rocco Neubert,East,Engaging,2017-02-22,,550,0.668228678537957,BBB,367.53,"+days_since_engage(+0.16), +pipeline_velocity(+0.16)"
EVXPG3V5,The New York Inquirer,GTX Basic,Lajuana Vencill,Dustin Brinkmann,Central,Engaging,2017-08-09,,550,0.6496815286624202,BBB,357.32,"+days_since_engage(+0.16), +pipeline_velocity(+0.16)"
3PVNGGBX,The New York Inquirer,GTX Basic,Markita Hansen,Celia Rouche,West,Engaging,2017-03-14,,550,0.6496815286624202,BBB,357.32,"+days_since_engage(+0.16), +pipeline_velocity(+0.16)"
RG893DYQ,The New York Inquirer,GTX Basic,Markita Hansen,Celia Rouche,West,Engaging,2017-05-05,,550,0.6496815286624202,BBB,357.32,"+days_since_engage(+0.16), +pipeline_velocity(+0.16)"
HFUZQFQQ,Groovestreet,GTX Basic,Markita Hansen,Celia Rouche,West,Engaging,2017-05-09,,550,0.6496815286624202,BBB,357.32,"+days_since_engage(+0.16), +pipeline_velocity(+0.16)"
C9330YF1,Blackzim,GTX Basic,Markita Hansen,Celia Rouche,West,Engaging,2017-04-17,,550,0.6496815286624202,BBB,357.32,"+days_since_engage(+0.16), +pipeline_velocity(+0.16)"
JDXSS1HT,Silis,GTX Basic,Markita Hansen,Celia Rouche,West,Engaging,2017-03-08,,550,0.6496815286624202,BBB,357.32,"+days_since_engage(+0.16), +pipeline_velocity(+0.16)"
ZLN48IIP,Iselectrics,GTX Basic,Markita Hansen,Celia Rouche,West,Engaging,2017-04-03,,550,0.6496815286624202,BBB,357.32,"+days_since_engage(+0.16), +pipeline_velocity(+0.16)"
8TRT2HNF,Green-Plus,GTX Basic,Markita Hansen,Celia Rouche,West,Engaging,2017-04-03,,550,0.6496815286624202,BBB,357.32,"+days_since_engage(+0.16), +pipeline_velocity(+0.16)"
V3G1HBTZ,Nam-zim,GTX Basic,Lajuana Vencill,Dustin Brinkmann,Central,Engaging,2017-07-28,,550,0.6496815286624202,BBB,357.32,"+days_since_engage(+0.16), +pipeline_velocity(+0.16)"
MA56XGWR,Iselectrics,GTX Basic,Daniell Hammack,Rocco Neubert,East,Engaging,2017-11-05,,550,0.6276150627615062,BBB,345.19,"+pipeline_velocity(+0.09), +days_since_engage(+0.06)"
LJBQ7P0V,Zotware,MG Special,James Ascencio,Summer Sewald,West,Engaging,2017-03-09,,55,0.7640449438202247,A,42.02,"+days_since_engage(+0.16), +pipeline_velocity(+0.16)"
3E4VTH6E,Hatfan,MG Special,Hayden Neloms,Celia Rouche,West,Engaging,2017-03-12,,55,0.7640449438202247,A,42.02,"+days_since_engage(+0.16), +pipeline_velocity(+0.16)"
23J295J4,Xx-holding,MG Special,Rosalina Dieter,Celia Rouche,West,Engaging,2017-08-21,,55,0.7640449438202247,A,42.02,"+days_since_engage(+0.16), +pipeline_velocity(+0.16)"
X8GGF9MG,Dontechi,MG Special,Rosalina Dieter,Celia Rouche,West,Engaging,2017-04-12,,55,0.7640449438202247,A,42.02,"+days_since_engage(+0.16), +pipeline_velocity(+0.16)"
2TYZRE2R,Massive Dynamic,MG Special,Moses Frase,Dustin Brinkmann,Central,Engaging,2017-07-24,,55,0.7640449438202247,A,42.02,"+days_since_engage(+0.16), +pipeline_velocity(+0.16)"
AWCGYWTE,Kinnamplus,MG Special,Moses Frase,Dustin Brinkmann,Central,Engaging,2017-07-22,,55,0.7640449438202247,A,42.02,"+days_since_engage(+0.16), +pipeline_velocity(+0.16)"
EUBMHJGQ,Hottechi,MG Special,Versie Hillebrand,Dustin Brinkmann,Central,Engaging,2017-07-21,,55,0.7640449438202247,A,42.02,"+days_since_engage(+0.16), +pipeline_velocity(+0.16)"
DFFEQ87N,Scottech,MG Special,Maureen Marcano,Summer Sewald,West,Engaging,2017-03-28,,55,0.7640449438202247,A,42.02,"+days_since_engage(+0.16), +pipeline_velocity(+0.16)"
LDK61ORQ,Xx-zobam,MG Special,Hayden Neloms,Celia Rouche,West,Engaging,2017-07-19,,55,0.7640449438202247,A,42.02,"+days_since_engage(+0.16), +pipeline_velocity(+0.16)"
R9U1QNHQ,Betasoloin,MG Special,Hayden Neloms,Celia Rouche,West,Engaging,2017-04-29,,55,0.7640449438202247,A,42.02,"+days_since_engage(+0.16), +pipeline_velocity(+0.16)"
EJVD09HQ,Betasoloin,MG Special,James Ascencio,Summer Sewald,West,Engaging,2017-09-25,,55,0.7640449438202247,A,42.02,"+days_since_engage(+0.19), +pipeline_velocity(+0.16)"
AV72Y65Y,Streethex,MG Special,Cecily Lampkin,Dustin Brinkmann,Central,Engaging,2017-08-06,,55,0.7640449438202247,A,42.02,"+days_since_engage(+0.16), +pipeline_velocity(+0.16)"
44Q1W18Y,Zoomit,MG Special,Moses Frase,Dustin Brinkmann,Central,Engaging,2017-08-12,,55,0.7640449438202247,A,42.02,"+days_since_engage(+0.16), +pipeline_velocity(+0.16)"
QJ1DIUN7,Ganjaflex,MG Special,Rosalina Dieter,Celia Rouche,West,Engaging,2017-08-17,,55,0.7640449438202247,A,42.02,"+days_since_engage(+0.16), +pipeline_velocity(+0.16)"
5UFU5IO4,Cancity,MG Special,Corliss Cosme,Cara Losch,East,Engaging,2017-08-04,,55,0.7640449438202247,A,42.02,"+days_since_engage(+0.16), +pipeline_velocity(+0.16)"
XT8HCGAD,Bubba Gump,MG Special,Rosalina Dieter,Celia Rouche,West,Engaging,2017-09-10,,55,0.7640449438202247,A,42.02,"+days_since_engage(+0.16), +pipeline_velocity(+0.16)"
PR1H7NHK,Mathtouch,MG Special,Versie Hillebrand,Dustin Brinkmann,Central,Engaging,2017-08-01,,55,0.7640449438202247,A,42.02,"+days_since_engage(+0.16), +pipeline_velocity(+0.16)"
VIY7P8J6,Hatfan,MG Special,Versie Hillebrand,Dustin Brinkmann,Central,Engaging,2017-08-01,,55,0.7640449438202247,A,42.02,"+days_since_engage(+0.16), +pipeline_velocity(+0.16)"
3FWZBSW1,Cancity,MG Special,Versie Hillebrand,Dustin Brinkmann,Central,Engaging,2017-08-01,,55,0.7640449438202247,A,42.02,"+days_since_engage(+0.16), +pipeline_velocity(+0.16)"
6VIK2VX8,Isdom,MG Special,Hayden Neloms,Celia Rouche,West,Engaging,2017-02-06,,55,0.7640449438202247,A,42.02,"+days_since_engage(+0.16), +pipeline_velocity(+0.16)"
Y7244XW7,Plussunin,MG Special,Moses Frase,Dustin Brinkmann,Central,Engaging,2017-08-01,,55,0.7640449438202247,A,42.02,"+days_since_engage(+0.16), +pipeline_velocity(+0.16)"
DJFMG9QI,Plusstrip,MG Special,Moses Frase,Dustin Brinkmann,Central,Engaging,2017-07-30,,55,0.7640449438202247,A,42.02,"+days_since_engage(+0.16), +pipeline_velocity(+0.16)"
SP9W5IND,Acme Corporation,MG Special,Boris Faz,Rocco Neubert,East,Engaging,2017-07-30,,55,0.7640449438202247,A,42.02,"+days_since_engage(+0.16), +pipeline_velocity(+0.16)"
G40058T1,Yearin,MG Special,Versie Hillebrand,Dustin Brinkmann,Central,Engaging,2017-07-29,,55,0.7640449438202247,A,42.02,"+days_since_engage(+0.16), +pipeline_velocity(+0.16)"
GRYHHER0,Finhigh,MG Special,Hayden Neloms,Celia Rouche,West,Engaging,2017-09-03,,55,0.7640449438202247,A,42.02,"+days_since_engage(+0.16), +pipeline_velocity(+0.16)"
7ZN8YCH8,Gekko & Co,MG Special,Versie Hillebrand,Dustin Brinkmann,Central,Engaging,2017-08-12,,55,0.7640449438202247,A,42.02,"+days_since_engage(+0.16), +pipeline_velocity(+0.16)"
QEZ2X87C,Iselectrics,MG Special,Rosalina Dieter,Celia Rouche,West,Engaging,2017-09-07,,55,0.7640449438202247,A,42.02,"+days_since_engage(+0.16), +pipeline_velocity(+0.16)"
F2B62IW4,Bioplex,MG Special,Maureen Marcano,Summer Sewald,West,Engaging,2017-02-28,,55,0.7640449438202247,A,42.02,"+days_since_engage(+0.16), +pipeline_velocity(+0.16)"
DEHQTB8B,Kinnamplus,MG Special,Boris Faz,Rocco Neubert,East,Engaging,2017-03-01,,55,0.7640449438202247,A,42.02,"+days_since_engage(+0.16), +pipeline_velocity(+0.16)"
W1XRTUT2,Finhigh,MG Special,Versie Hillebrand,Dustin Brinkmann,Central,Engaging,2017-08-15,,55,0.7640449438202247,A,42.02,"+days_since_engage(+0.16), +pipeline_velocity(+0.16)"
YTGQKC7A,Dalttechnology,MG Special,Rosalina Dieter,Celia Rouche,West,Engaging,2017-06-03,,55,0.7640449438202247,A,42.02,"+days_since_engage(+0.16), +pipeline_velocity(+0.16)"
ZGK1AWBD,Vehement Capital Partners,MG Special,Boris Faz,Rocco Neubert,East,Engaging,2017-08-06,,55,0.7640449438202247,A,42.02,"+days_since_engage(+0.16), +pipeline_velocity(+0.16)"
FHPRER2D,Sonron,MG Special,Versie Hillebrand,Dustin Brinkmann,Central,Engaging,2017-07-25,,55,0.7640449438202247,A,42.02,"+days_since_engage(+0.16), +pipeline_velocity(+0.16)"
D9MZMDOL,Zumgoity,MG Special,Vicki Laflamme,Celia Rouche,West,Engaging,2017-09-20,,55,0.6832786764903703,BBB,37.58,"+days_since_engage(+0.19), +pipeline_velocity(+0.16)"
HJY0TQ7X,Toughzap,MG Special,Zane Levy,Summer Sewald,West,Engaging,2017-09-18,,55,0.6821052631578948,BBB,37.52,"+days_since_engage(+0.19), +pipeline_velocity(+0.16)"
95YT659K,Groovestreet,MG Special,Zane Levy,Summer Sewald,West,Engaging,2017-09-06,,55,0.6821052631578948,BBB,37.52,"+days_since_engage(+0.16), +pipeline_velocity(+0.16)"
055Z2OAS,Dontechi,MG Special,Anna Snelling,Dustin Brinkmann,Central,Engaging,2017-07-19,,55,0.6821052631578948,BBB,37.52,"+days_since_engage(+0.16), +pipeline_velocity(+0.16)"
VGSH1TSW,Vehement Capital Partners,MG Special,Violet Mclelland,Cara Losch,East,Engaging,2017-08-25,,55,0.6821052631578948,BBB,37.52,"+days_since_engage(+0.16), +pipeline_velocity(+0.16)"
DNBR1VHP,Silis,MG Special,Anna Snelling,Dustin Brinkmann,Central,Engaging,2017-07-20,,55,0.6821052631578948,BBB,37.52,"+days_since_engage(+0.16), +pipeline_velocity(+0.16)"
0XYUJ7HF,Isdom,MG Special,Vicki Laflamme,Celia Rouche,West,Engaging,2017-08-23,,55,0.6821052631578948,BBB,37.52,"+days_since_engage(+0.16), +pipeline_velocity(+0.16)"
BJOY31DL,Betasoloin,MG Special,Violet Mclelland,Cara Losch,East,Engaging,2017-06-23,,55,0.6821052631578948,BBB,37.52,"+days_since_engage(+0.16), +pipeline_velocity(+0.16)"
E29GOFUV,Sumace,MG Special,Elease Gluck,Celia Rouche,West,Engaging,2017-06-20,,55,0.6821052631578948,BBB,37.52,"+days_since_engage(+0.16), +pipeline_velocity(+0.16)"
L1YN7LDL,Bluth Company,MG Special,Cassey Cress,Rocco Neubert,East,Engaging,2017-06-16,,55,0.6821052631578948,BBB,37.52,"+days_since_engage(+0.16), +pipeline_velocity(+0.16)"
XTE9XJTS,Zencorporation,MG Special,Kary Hendrixson,Summer Sewald,West,Engaging,2017-06-04,,55,0.6821052631578948,BBB,37.52,"+days_since_engage(+0.16), +pipeline_velocity(+0.16)"
EPSIB2JR,Zoomit,MG Special,Violet Mclelland,Cara Losch,East,Engaging,2017-05-26,,55,0.6821052631578948,BBB,37.52,"+days_since_engage(+0.16), +pipeline_velocity(+0.16)"
E5V4WT18,Genco Pura Olive Oil Company,MG Special,Vicki Laflamme,Celia Rouche,West,Engaging,2017-05-25,,55,0.6821052631578948,BBB,37.52,"+days_since_engage(+0.16), +pipeline_velocity(+0.16)"
ZJQKUIZ4,Opentech,MG Special,Kary Hendrixson,Summer Sewald,West,Engaging,2017-05-22,,55,0.6821052631578948,BBB,37.52,"+days_since_engage(+0.16), +pipeline_velocity(+0.16)"
LR45YFE4,Groovestreet,MG Special,Violet Mclelland,Cara Losch,East,Engaging,2017-05-03,,55,0.6821052631578948,BBB,37.52,"+days_since_engage(+0.16), +pipeline_velocity(+0.16)"
ANRCHVJM,Plusstrip,MG Special,Violet Mclelland,Cara Losch,East,Engaging,2017-04-15,,55,0.6821052631578948,BBB,37.52,"+days_since_engage(+0.16), +pipeline_velocity(+0.16)"
WLS5J30E,Inity,MG Special,Elease Gluck,Celia Rouche,West,Engaging,2017-03-31,,55,0.6821052631578948,BBB,37.52,"+days_since_engage(+0.16), +pipeline_velocity(+0.16)"
GZCWM6GK,Statholdings,MG Special,Elease Gluck,Celia Rouche,West,Engaging,2017-03-22,,55,0.6821052631578948,BBB,37.52,"+days_since_engage(+0.16), +pipeline_velocity(+0.16)"
F5I33E1I,Sumace,MG Special,Elease Gluck,Celia Rouche,West,Engaging,2017-03-13,,55,0.6821052631578948,BBB,37.52,"+days_since_engage(+0.16), +pipeline_velocity(+0.16)"
5XPYFICK,Inity,MG Special,Rosie Papadopoulos,Cara Losch,East,Engaging,2017-03-10,,55,0.6821052631578948,BBB,37.52,"+days_since_engage(+0.16), +pipeline_velocity(+0.16)"
I7BWM5O0,Warephase,MG Special,Violet Mclelland,Cara Losch,East,Engaging,2017-03-06,,55,0.6821052631578948,BBB,37.52,"+days_since_engage(+0.16), +pipeline_velocity(+0.16)"
CZ8PPZTC,Bioplex,MG Special,Rosie Papadopoulos,Cara Losch,East,Engaging,2017-03-05,,55,0.6821052631578948,BBB,37.52,"+days_since_engage(+0.16), +pipeline_velocity(+0.16)"
AMNKCM1H,Betasoloin,MG Special,Elease Gluck,Celia Rouche,West,Engaging,2017-02-17,,55,0.6821052631578948,BBB,37.52,"+days_since_engage(+0.16), +pipeline_velocity(+0.16)"
AF8NG5JC,Betatech,MG Special,Cassey Cress,Rocco Neubert,East,Engaging,2017-02-08,,55,0.6821052631578948,BBB,37.52,"+days_since_engage(+0.16), +pipeline_velocity(+0.16)"
RP7KA6HS,Mathtouch,MG Special,Elease Gluck,Celia Rouche,West,Engaging,2017-02-05,,55,0.6821052631578948,BBB,37.52,"+days_since_engage(+0.16), +pipeline_velocity(+0.16)"
N5UIZYIV,Konmatfix,MG Special,Zane Levy,Summer Sewald,West,Engaging,2017-01-28,,55,0.6821052631578948,BBB,37.52,"+days_since_engage(+0.16), +pipeline_velocity(+0.16)"
CT3HBBI2,Mathtouch,MG Special,Elease Gluck,Celia Rouche,West,Engaging,2017-01-15,,55,0.6821052631578948,BBB,37.52,"+days_since_engage(+0.16), +pipeline_velocity(+0.16)"
XYNTWPN1,Rundofase,MG Special,Violet Mclelland,Cara Losch,East,Engaging,2017-01-08,,55,0.6821052631578948,BBB,37.52,"+days_since_engage(+0.16), +pipeline_velocity(+0.16)"
N07K7DR7,Plexzap,MG Special,Rosie Papadopoulos,Cara Losch,East,Engaging,2016-12-18,,55,0.6821052631578948,BBB,37.52,"+days_since_engage(+0.16), +pipeline_velocity(+0.16)"
Q9VC6GV0,Konmatfix,MG Special,Anna Snelling,Dustin Brinkmann,Central,Engaging,2017-07-19,,55,0.6821052631578948,BBB,37.52,"+days_since_engage(+0.16), +pipeline_velocity(+0.16)"
D193SPY4,Plussunin,MG Special,Violet Mclelland,Cara Losch,East,Engaging,2017-07-08,,55,0.6821052631578948,BBB,37.52,"+days_since_engage(+0.16), +pipeline_velocity(+0.16)"
4ZB2W6O7,Plusstrip,MG Special,Anna Snelling,Dustin Brinkmann,Central,Engaging,2017-08-01,,55,0.6821052631578948,BBB,37.52,"+days_since_engage(+0.16), +pipeline_velocity(+0.16)"
UVCHXUIG,Konmatfix,MG Special,Anna Snelling,Dustin Brinkmann,Central,Engaging,2017-07-26,,55,0.6821052631578948,BBB,37.52,"+days_since_engage(+0.16), +pipeline_velocity(+0.16)"
1FLN8BTI,Rundofase,MG Special,Darcel Schlecht,Melvin Marxen,Central,Engaging,2017-08-01,,55,0.6821052631578948,BBB,37.52,"+days_since_engage(+0.16), +pipeline_velocity(+0.16)"
T9QD8U1Y,Betasoloin,MG Special,Darcel Schlecht,Melvin Marxen,Central,Engaging,2017-07-21,,55,0.6821052631578948,BBB,37.52,"+days_since_engage(+0.16), +pipeline_velocity(+0.16)"
QD4ONE04,Rangreen,MG Special,Anna Snelling,Dustin Brinkmann,Central,Engaging,2017-07-31,,55,0.6821052631578948,BBB,37.52,"+days_since_engage(+0.16), +pipeline_velocity(+0.16)"
NNH4EBG8,Mathtouch,MG Special,Vicki Laflamme,Celia Rouche,West,Engaging,2017-08-03,,55,0.6821052631578948,BBB,37.52,"+days_since_engage(+0.16), +pipeline_velocity(+0.16)"
T1SITEI0,Singletechno,MG Special,Darcel Schlecht,Melvin Marxen,Central,Engaging,2017-07-29,,55,0.6821052631578948,BBB,37.52,"+days_since_engage(+0.16), +pipeline_velocity(+0.16)"
7DOGGIXI,Bioplex,MG Special,Elease Gluck,Celia Rouche,West,Engaging,2017-08-05,,55,0.6821052631578948,BBB,37.52,"+days_since_engage(+0.16), +pipeline_velocity(+0.16)"
1XJFMYCW,Golddex,MG Special,Anna Snelling,Dustin Brinkmann,Central,Engaging,2017-07-27,,55,0.6821052631578948,BBB,37.52,"+days_since_engage(+0.16), +pipeline_velocity(+0.16)"
HJRM13DI,Treequote,MG Special,Marty Freudenburg,Melvin Marxen,Central,Engaging,2017-07-25,,55,0.6821052631578948,BBB,37.52,"+days_since_engage(+0.16), +pipeline_velocity(+0.16)"
HMWIP0F2,Finjob,MG Special,Darcel Schlecht,Melvin Marxen,Central,Engaging,2017-08-12,,55,0.6821052631578948,BBB,37.52,"+days_since_engage(+0.16), +pipeline_velocity(+0.16)"
P91SQBST,Dalttechnology,MG Special,Anna Snelling,Dustin Brinkmann,Central,Engaging,2017-07-25,,55,0.6821052631578948,BBB,37.52,"+days_since_engage(+0.16), +pipeline_velocity(+0.16)"
L4R7LDY1,Hatfan,MG Special,Violet Mclelland,Cara Losch,East,Engaging,2017-08-17,,55,0.6821052631578948,BBB,37.52,"+days_since_engage(+0.16), +pipeline_velocity(+0.16)"
FEFNNXH1,Singletechno,MG Special,Anna Snelling,Dustin Brinkmann,Central,Engaging,2017-07-22,,55,0.6821052631578948,BBB,37.52,"+days_since_engage(+0.16), +pipeline_velocity(+0.16)"
9D43V124,Mathtouch,MG Special,Vicki Laflamme,Celia Rouche,West,Engaging,2017-08-20,,55,0.6821052631578948,BBB,37.52,"+days_since_engage(+0.16), +pipeline_velocity(+0.16)"
RD6Y5R4P,Cancity,MG Special,Kami Bicknell,Summer Sewald,West,Engaging,2017-08-03,,55,0.6821052631578948,BBB,37.52,"+days_since_engage(+0.16), +pipeline_velocity(+0.16)"
4ZQTMS3Z,Kan-code,MG Special,Violet Mclelland,Cara Losch,East,Engaging,2017-11-23,,55,0.6683213188230882,BBB,36.76,"+days_since_engage(+0.15), +pipeline_velocity(+0.06)"
7XRWWM0X,Scotfind,MG Special,Kami Bicknell,Summer Sewald,West,Engaging,2017-11-15,,55,0.668228678537957,BBB,36.75,"+pipeline_velocity(+0.08), +days_since_engage(+0.06)"
HB740BLB,Silis,MG Special,Hayden Neloms,Celia Rouche,West,Engaging,2017-12-20,,55,0.6682433158755727,BBB,36.75,"+pipeline_velocity(+0.15), -days_since_engage(-0.15)"
TIPXNDS2,Betatech,MG Special,Gladys Colclough,Melvin Marxen,Central,Engaging,2017-08-03,,55,0.668228678537957,BBB,36.75,"+days_since_engage(+0.16), +pipeline_velocity(+0.16)"
33BMGHPN,Opentech,MG Special,Gladys Colclough,Melvin Marxen,Central,Engaging,2017-07-22,,55,0.668228678537957,BBB,36.75,"+days_since_engage(+0.16), +pipeline_velocity(+0.16)"
GVJFKHNL,Silis,MG Special,Gladys Colclough,Melvin Marxen,Central,Engaging,2017-07-21,,55,0.668228678537957,BBB,36.75,"+days_since_engage(+0.16), +pipeline_velocity(+0.16)"
JA5G7YBO,Blackzim,MG Special,Markita Hansen,Celia Rouche,West,Engaging,2017-03-05,,55,0.6496815286624202,BBB,35.73,"+days_since_engage(+0.16), +pipeline_velocity(+0.16)"
5W29OCB8,Bioholding,MG Special,Lajuana Vencill,Dustin Brinkmann,Central,Engaging,2017-07-30,,55,0.6496815286624202,BBB,35.73,"+days_since_engage(+0.16), +pipeline_velocity(+0.16)"
ERTQ4SN3,Zumgoity,MG Special,Lajuana Vencill,Dustin Brinkmann,Central,Engaging,2017-07-29,,55,0.6496815286624202,BBB,35.73,"+days_since_engage(+0.16), +pipeline_velocity(+0.16)"
7W9S4DCZ,Dalttechnology,MG Special,Lajuana Vencill,Dustin Brinkmann,Central,Engaging,2017-07-28,,55,0.6496815286624202,BBB,35.73,"+days_since_engage(+0.16), +pipeline_velocity(+0.16)"
GZ6SFRAT,Hottechi,MG Special,Lajuana Vencill,Dustin Brinkmann,Central,Engaging,2017-07-25,,55,0.6496815286624202,BBB,35.73,"+days_since_engage(+0.16), +pipeline_velocity(+0.16)"
PXNDLIL2,Initech,MG Special,Lajuana Vencill,Dustin Brinkmann,Central,Engaging,2017-08-13,,55,0.6496815286624202,BBB,35.73,"+days_since_engage(+0.16), +pipeline_velocity(+0.16)"
MCE5DKD1,Bioholding,MG Special,Markita Hansen,Celia Rouche,West,Engaging,2017-01-10,,55,0.6496815286624202,BBB,35.73,"+days_since_engage(+0.16), +pipeline_velocity(+0.16)"
VDIU10RV,Lexiqvolax,MG Special,Markita Hansen,Celia Rouche,West,Engaging,2016-11-23,,55,0.6496815286624202,BBB,35.73,"+days_since_engage(+0.16), +pipeline_velocity(+0.16)"
MG1YUTUE,Acme Corporation,MG Special,Markita Hansen,Celia Rouche,West,Engaging,2017-10-01,,55,0.6276150627615062,BBB,34.52,"+pipeline_velocity(+0.16), +days_since_engage(+0.09)"
