account_id,churn_probability,churn_score,risk_tier,top_risk_factor_1,top_risk_factor_2,top_risk_factor_3,industry,acquisition_channel,mrr,churned
A-378b99,0.0063,0.6,LOW,avg_mrr,avg_error_count,distinct_features_used,EdTech,ads,1009.67,0
A-69fad4,0.9924,99.2,HIGH,avg_error_count,seats,industry,FinTech,ads,1245.86,1
A-aa9511,0.005,0.5,LOW,avg_mrr,avg_error_count,n_upgrades,DevTools,other,4064.67,0
A-7cfe77,0.0077,0.8,LOW,distinct_features_used,n_upgrades,avg_error_count,DevTools,ads,2553.0,0
A-cb5333,0.0075,0.7,LOW,avg_session_count,avg_usage_duration_min,industry,DevTools,ads,1641.0,0
A-533452,0.0042,0.4,LOW,avg_error_count,avg_usage_duration_min,n_upgrades,DevTools,organic,1878.55,0
A-d82ef9,0.9925,99.3,HIGH,avg_mrr,avg_usage_duration_min,seats,EdTech,other,1023.36,1
A-f6b2fb,0.003,0.3,LOW,avg_error_count,preceding_upgrade_flag,seats,DevTools,event,2335.9,0
A-712f1c,0.9881,98.8,HIGH,avg_error_count,avg_session_count,avg_usage_duration_min,DevTools,ads,3583.25,1
A-7df7a7,0.991,99.1,HIGH,avg_error_count,avg_usage_duration_min,avg_mrr,DevTools,organic,1943.67,1
A-c222ab,0.034,3.4,LOW,satisfaction_no_response_rate,n_upgrades,avg_mrr,Cybersecurity,other,2665.14,1
A-4e0e85,0.0076,0.8,LOW,avg_usage_duration_min,avg_mrr,n_annual_subs,DevTools,organic,568.0,0
A-df10db,0.0221,2.2,LOW,seats,avg_usage_duration_min,avg_mrr,DevTools,other,1066.36,0
A-2bc93d,0.0131,1.3,LOW,avg_error_count,avg_usage_duration_min,seats,HealthTech,event,2491.85,0
A-e5d6ab,0.005,0.5,LOW,seats,avg_usage_duration_min,avg_error_count,EdTech,partner,1304.8,0
A-956988,0.005,0.5,LOW,avg_error_count,seats,preceding_downgrade_flag,EdTech,ads,2262.08,0
A-151c9a,0.0078,0.8,LOW,avg_session_count,industry,avg_mrr,FinTech,ads,2850.0,0
A-eb2fdc,0.6273,62.7,MEDIUM,avg_error_count,avg_session_count,seats,DevTools,organic,2664.0,1
A-118d55,0.0098,1.0,LOW,industry,avg_usage_duration_min,avg_error_count,Cybersecurity,organic,1993.25,0
A-296d7c,0.0016,0.2,LOW,seats,distinct_features_used,avg_usage_duration_min,DevTools,other,284.14,0
A-ba6516,0.0141,1.4,LOW,industry,avg_usage_duration_min,n_upgrades,FinTech,ads,2183.0,0
A-5790f4,0.0053,0.5,LOW,preceding_upgrade_flag,avg_usage_duration_min,avg_error_count,FinTech,event,3154.33,0
A-6e08f3,0.0079,0.8,LOW,industry,seats,n_upgrades,Cybersecurity,event,1819.0,0
A-1f0ac7,0.0037,0.4,LOW,avg_usage_duration_min,preceding_upgrade_flag,avg_error_count,HealthTech,other,1325.0,0
A-54ecc2,0.001,0.1,LOW,industry,avg_error_count,preceding_upgrade_flag,Cybersecurity,partner,1469.82,0
A-cdf020,0.0129,1.3,LOW,seats,avg_mrr,avg_session_count,DevTools,organic,2259.0,0
A-c43359,0.0431,4.3,LOW,avg_error_count,avg_mrr,distinct_features_used,FinTech,organic,1539.0,0
A-8ae05d,0.0895,8.9,LOW,distinct_features_used,avg_mrr,seats,FinTech,other,3747.14,0
A-dbc825,0.0005,0.0,LOW,avg_error_count,avg_mrr,n_escalations,EdTech,partner,2650.25,0
A-ad64c6,0.0002,0.0,LOW,avg_error_count,distinct_features_used,preceding_upgrade_flag,DevTools,event,2451.33,0
A-832ec2,0.0267,2.7,LOW,preceding_upgrade_flag,avg_usage_duration_min,avg_session_count,FinTech,event,1162.38,0
A-313be3,0.006,0.6,LOW,avg_error_count,n_upgrades,n_escalations,EdTech,partner,1727.82,0
A-53f4e3,0.0058,0.6,LOW,avg_error_count,preceding_downgrade_flag,industry,Cybersecurity,event,1507.2,0
A-94f8c9,0.001,0.1,LOW,avg_error_count,avg_usage_duration_min,industry,HealthTech,other,1999.31,0
A-afa505,0.0102,1.0,LOW,avg_mrr,preceding_upgrade_flag,avg_error_count,DevTools,partner,7334.44,0
A-fa2041,0.0093,0.9,LOW,avg_usage_duration_min,avg_error_count,distinct_features_used,HealthTech,organic,1742.92,0
A-e888d1,0.0009,0.1,LOW,industry,avg_error_count,seats,Cybersecurity,other,1240.55,0
A-9ee962,0.9937,99.4,HIGH,avg_mrr,preceding_downgrade_flag,distinct_features_used,HealthTech,ads,1046.67,1
A-558c72,0.0056,0.6,LOW,avg_usage_duration_min,avg_error_count,distinct_features_used,FinTech,organic,1310.14,0
A-40a557,0.0087,0.9,LOW,industry,n_upgrades,seats,Cybersecurity,partner,2591.56,0
A-1e50e0,0.0216,2.2,LOW,n_upgrades,n_escalations,referral_source,Cybersecurity,other,2659.0,1
A-02cd81,0.0182,1.8,LOW,avg_error_count,avg_session_count,seats,HealthTech,other,2354.0,0
A-ff3c73,0.2903,29.0,LOW,avg_mrr,industry,n_upgrades,HealthTech,other,481.67,0
A-65c341,0.0076,0.8,LOW,avg_mrr,industry,avg_error_count,FinTech,ads,3818.25,0
A-fd7ad3,0.0028,0.3,LOW,industry,avg_error_count,preceding_upgrade_flag,Cybersecurity,event,383.1,0
A-44dc83,0.0134,1.3,LOW,distinct_features_used,avg_usage_duration_min,seats,EdTech,other,114.0,0
A-425e76,0.998,99.8,HIGH,avg_usage_duration_min,avg_error_count,seats,DevTools,other,1555.55,1
A-bb3bd4,0.0199,2.0,LOW,distinct_features_used,avg_mrr,avg_error_count,HealthTech,ads,1064.57,0
A-98a59a,0.0008,0.1,LOW,avg_mrr,preceding_upgrade_flag,avg_error_count,FinTech,partner,3645.6,0
A-5b4ebb,0.9938,99.4,HIGH,avg_error_count,avg_mrr,distinct_features_used,Cybersecurity,other,2138.69,1
A-7c5768,0.0073,0.7,LOW,seats,avg_error_count,distinct_features_used,HealthTech,event,376.56,0
A-474ad4,0.0142,1.4,LOW,avg_usage_duration_min,avg_session_count,distinct_features_used,EdTech,organic,808.33,0
A-d27f50,0.0014,0.1,LOW,industry,avg_mrr,n_upgrades,Cybersecurity,ads,3734.58,0
A-4e631b,0.0441,4.4,LOW,avg_error_count,n_upgrades,avg_session_count,FinTech,other,2218.0,0
A-d4ac0e,0.0032,0.3,LOW,avg_error_count,distinct_features_used,avg_session_count,DevTools,ads,1450.37,0
A-1b7577,0.0031,0.3,LOW,industry,avg_error_count,avg_mrr,Cybersecurity,other,797.36,0
A-40906c,0.013,1.3,LOW,avg_mrr,seats,initial_plan_tier,EdTech,ads,5366.67,0
A-0158bb,0.0153,1.5,LOW,distinct_features_used,avg_error_count,avg_usage_duration_min,FinTech,partner,678.33,0
A-fabe19,0.002,0.2,LOW,seats,avg_usage_duration_min,distinct_features_used,DevTools,ads,2928.14,0
A-bc4d48,0.444,44.4,MEDIUM,avg_error_count,avg_session_count,distinct_features_used,EdTech,ads,1770.0,0
A-186a44,0.125,12.5,LOW,industry,n_upgrades,avg_mrr,HealthTech,ads,1499.21,0
A-c62e55,0.0008,0.1,LOW,seats,avg_usage_duration_min,avg_mrr,EdTech,partner,1322.44,0
A-6f8ad2,0.0013,0.1,LOW,seats,avg_error_count,n_annual_subs,EdTech,organic,1525.18,0
A-bcf87c,0.9884,98.8,HIGH,avg_error_count,referral_source,seats,FinTech,event,1979.09,1
A-1f0636,0.0226,2.3,LOW,seats,avg_mrr,avg_error_count,EdTech,partner,8610.0,0
A-883b7d,0.1912,19.1,LOW,avg_error_count,industry,distinct_features_used,Cybersecurity,other,2543.67,0
A-39b19f,0.0016,0.2,LOW,avg_usage_duration_min,avg_error_count,seats,FinTech,partner,1930.64,0
A-cab532,0.0047,0.5,LOW,preceding_upgrade_flag,avg_error_count,avg_mrr,DevTools,organic,1339.2,0
A-c1dfe1,0.0005,0.1,LOW,avg_error_count,avg_mrr,seats,DevTools,ads,3223.75,0
A-ac85cd,0.0016,0.2,LOW,avg_mrr,avg_usage_duration_min,avg_error_count,EdTech,partner,3438.92,0
A-029f69,0.0059,0.6,LOW,seats,industry,avg_usage_duration_min,Cybersecurity,event,914.88,0
A-0f7d77,0.0163,1.6,LOW,seats,avg_error_count,industry,FinTech,partner,387.67,0
A-76fa4d,0.0245,2.4,LOW,avg_error_count,distinct_features_used,avg_mrr,HealthTech,event,8812.29,0
A-82861f,0.0005,0.0,LOW,avg_error_count,avg_mrr,avg_usage_duration_min,DevTools,organic,4363.3,0
A-6dee43,0.0043,0.4,LOW,seats,n_upgrades,avg_error_count,FinTech,other,2070.0,0
A-0dbdc6,0.9941,99.4,HIGH,avg_error_count,n_urgent_tickets,satisfaction_no_response_rate,Cybersecurity,other,3141.44,1
A-7f4db3,0.0132,1.3,LOW,preceding_upgrade_flag,avg_error_count,n_annual_subs,FinTech,other,1751.73,0
A-09540c,0.0006,0.1,LOW,distinct_features_used,avg_mrr,industry,Cybersecurity,event,3953.0,0
A-337bc1,0.0034,0.3,LOW,avg_error_count,industry,avg_mrr,Cybersecurity,organic,2768.43,0
A-1b707d,0.0059,0.6,LOW,industry,seats,avg_usage_duration_min,Cybersecurity,organic,1166.5,0
A-e40f45,0.0105,1.1,LOW,avg_usage_duration_min,avg_error_count,avg_session_count,HealthTech,organic,1689.29,0
A-149a69,0.0028,0.3,LOW,distinct_features_used,preceding_upgrade_flag,avg_error_count,DevTools,event,2686.0,0
A-0b0d6d,0.0018,0.2,LOW,avg_error_count,avg_usage_duration_min,avg_mrr,DevTools,organic,2576.23,0
A-68f37c,0.3795,38.0,LOW,avg_error_count,seats,satisfaction_no_response_rate,HealthTech,ads,2689.17,0
A-8ae3fc,0.0168,1.7,LOW,avg_error_count,avg_mrr,avg_usage_duration_min,DevTools,ads,555.88,0
A-e1b9cd,0.9942,99.4,HIGH,avg_error_count,n_urgent_tickets,seats,DevTools,event,2469.47,1
A-ffc04f,0.0097,1.0,LOW,n_escalations,avg_mrr,avg_error_count,EdTech,ads,1335.93,0
A-65aeb5,0.0059,0.6,LOW,avg_error_count,avg_usage_duration_min,preceding_upgrade_flag,DevTools,partner,2866.0,0
A-038089,0.9864,98.6,HIGH,seats,avg_mrr,avg_usage_duration_min,DevTools,other,701.33,1
A-13466a,0.001,0.1,LOW,distinct_features_used,seats,avg_usage_duration_min,DevTools,event,2223.83,1
A-039727,0.0183,1.8,LOW,industry,avg_error_count,seats,EdTech,organic,2428.0,0
A-7f8241,0.1011,10.1,LOW,avg_error_count,avg_mrr,satisfaction_no_response_rate,EdTech,organic,2634.4,1
A-50f3f7,0.9904,99.0,HIGH,avg_error_count,avg_usage_duration_min,distinct_features_used,HealthTech,partner,2938.47,1
A-5a215a,0.0041,0.4,LOW,avg_error_count,avg_mrr,seats,EdTech,other,7230.67,0
A-d62e02,0.0061,0.6,LOW,industry,avg_error_count,avg_session_count,Cybersecurity,partner,2132.4,0
A-bb2f49,0.0038,0.4,LOW,industry,avg_error_count,distinct_features_used,Cybersecurity,other,2180.91,0
A-adc1f3,0.0011,0.1,LOW,seats,industry,avg_usage_duration_min,Cybersecurity,organic,2956.44,0
A-10b8da,0.996,99.6,HIGH,avg_error_count,avg_mrr,avg_session_count,DevTools,partner,1464.5,1
A-856b1e,0.0036,0.4,LOW,avg_error_count,avg_usage_duration_min,avg_mrr,FinTech,partner,1053.5,0
A-fda07f,0.01,1.0,LOW,industry,avg_error_count,n_urgent_tickets,Cybersecurity,partner,2368.17,0
A-b7ef83,0.0099,1.0,LOW,seats,avg_error_count,avg_mrr,Cybersecurity,partner,2391.2,0
A-b179bf,0.01,1.0,LOW,industry,avg_mrr,avg_error_count,Cybersecurity,ads,3586.2,0
A-34d880,0.0022,0.2,LOW,avg_error_count,industry,seats,Cybersecurity,ads,2329.33,0
A-6f50ae,0.9907,99.1,HIGH,avg_error_count,avg_mrr,avg_usage_duration_min,FinTech,partner,1900.57,1
A-7f6b86,0.9953,99.5,HIGH,avg_error_count,avg_session_count,avg_usage_duration_min,HealthTech,partner,2155.78,1
A-f51f16,0.008,0.8,LOW,avg_error_count,preceding_upgrade_flag,preceding_downgrade_flag,HealthTech,partner,1663.75,0
A-09316c,0.0032,0.3,LOW,avg_mrr,avg_usage_duration_min,avg_error_count,FinTech,organic,6363.64,0
A-f19409,0.9915,99.1,HIGH,preceding_downgrade_flag,avg_error_count,seats,DevTools,other,2844.67,1
A-684255,0.1111,11.1,LOW,avg_mrr,avg_error_count,avg_usage_duration_min,FinTech,ads,846.0,0
A-d26ab4,0.9908,99.1,HIGH,avg_error_count,seats,distinct_features_used,DevTools,organic,1845.89,1
A-f3ff05,0.0133,1.3,LOW,seats,avg_error_count,industry,FinTech,other,1497.31,0
A-10b8f2,0.0126,1.3,LOW,preceding_upgrade_flag,avg_mrr,n_upgrades,HealthTech,organic,2559.92,0
A-00bed1,0.0176,1.8,LOW,industry,avg_mrr,satisfaction_no_response_rate,Cybersecurity,ads,3350.6,0
A-5a3eb9,0.0129,1.3,LOW,avg_error_count,satisfaction_no_response_rate,avg_usage_duration_min,DevTools,other,1561.0,0
A-bd4513,0.0079,0.8,LOW,avg_mrr,avg_error_count,distinct_features_used,DevTools,event,4350.33,0
A-9123ac,0.0013,0.1,LOW,industry,avg_error_count,preceding_upgrade_flag,Cybersecurity,organic,2107.29,0
A-d49cc5,0.0006,0.1,LOW,avg_error_count,industry,avg_usage_duration_min,Cybersecurity,event,1665.62,0
A-f1f639,0.0085,0.9,LOW,seats,avg_mrr,avg_session_count,EdTech,ads,729.75,0
A-cd458b,0.0221,2.2,LOW,avg_error_count,avg_mrr,initial_plan_tier,DevTools,other,2886.07,0
A-a6d261,0.0066,0.7,LOW,avg_mrr,preceding_upgrade_flag,initial_plan_tier,FinTech,other,2727.93,0
A-ee42db,0.0171,1.7,LOW,avg_error_count,avg_usage_duration_min,avg_mrr,EdTech,ads,963.92,0
A-bb1486,0.0713,7.1,LOW,avg_error_count,avg_usage_duration_min,preceding_downgrade_flag,HealthTech,organic,2038.38,0
A-ab438f,0.9905,99.1,HIGH,avg_error_count,preceding_downgrade_flag,avg_session_count,Cybersecurity,ads,2044.75,1
A-0651a4,0.0109,1.1,LOW,avg_mrr,avg_error_count,n_annual_subs,HealthTech,organic,2970.93,0
A-1619f8,0.0108,1.1,LOW,avg_error_count,avg_usage_duration_min,n_upgrades,DevTools,organic,2827.14,0
A-6a4e2d,0.8749,87.5,HIGH,avg_mrr,avg_error_count,avg_usage_duration_min,EdTech,partner,944.91,0
A-87aa7b,0.0071,0.7,LOW,preceding_upgrade_flag,satisfaction_no_response_rate,avg_session_count,HealthTech,organic,1430.06,0
A-202b67,0.0002,0.0,LOW,avg_error_count,avg_usage_duration_min,referral_source,HealthTech,organic,2018.67,0
A-71615e,0.0327,3.3,LOW,avg_error_count,distinct_features_used,preceding_upgrade_flag,EdTech,organic,3131.77,0
A-8bde0c,0.2882,28.8,LOW,avg_error_count,avg_session_count,initial_plan_tier,DevTools,organic,1899.89,0
A-4814a3,0.992,99.2,HIGH,avg_usage_duration_min,distinct_features_used,seats,Cybersecurity,event,7996.09,1
A-7e0a10,0.0012,0.1,LOW,avg_mrr,avg_error_count,n_upgrades,FinTech,ads,4111.6,0
A-0f3e88,0.9909,99.1,HIGH,avg_mrr,avg_usage_duration_min,seats,HealthTech,other,511.27,1
A-3d957b,0.0047,0.5,LOW,avg_error_count,seats,n_upgrades,HealthTech,other,1975.33,0
A-5c9849,0.0128,1.3,LOW,avg_mrr,preceding_downgrade_flag,satisfaction_no_response_rate,EdTech,partner,4083.89,0
A-c1e51e,0.0046,0.5,LOW,seats,avg_error_count,n_upgrades,FinTech,organic,2390.5,0
A-e08cd3,0.0082,0.8,LOW,avg_mrr,n_upgrades,avg_error_count,FinTech,ads,6456.36,0
A-7f29a7,0.0108,1.1,LOW,industry,avg_error_count,preceding_upgrade_flag,Cybersecurity,event,1714.55,0
A-417d2f,0.0005,0.0,LOW,industry,n_annual_subs,avg_mrr,Cybersecurity,partner,1433.31,0
A-2922b6,0.003,0.3,LOW,avg_session_count,seats,n_upgrades,HealthTech,organic,1778.17,0
A-c16cf7,0.0117,1.2,LOW,avg_usage_duration_min,avg_mrr,referral_source,EdTech,event,1227.4,0
A-78f02b,0.0001,0.0,LOW,avg_error_count,avg_mrr,distinct_features_used,HealthTech,event,3770.25,0
A-0532a9,0.0211,2.1,LOW,satisfaction_no_response_rate,avg_error_count,n_annual_subs,FinTech,event,1516.1,0
A-42e5e1,0.9921,99.2,HIGH,avg_usage_duration_min,seats,distinct_features_used,DevTools,ads,1273.71,1
A-034368,0.0008,0.1,LOW,avg_error_count,distinct_features_used,avg_usage_duration_min,EdTech,event,2238.8,0
A-712533,0.0031,0.3,LOW,avg_error_count,preceding_upgrade_flag,n_upgrades,EdTech,organic,1615.17,0
A-1d5444,0.9947,99.5,HIGH,avg_error_count,avg_session_count,n_urgent_tickets,Cybersecurity,partner,2211.29,1
A-9208f0,0.9913,99.1,HIGH,avg_error_count,avg_mrr,avg_usage_duration_min,EdTech,organic,438.88,1
A-2edab2,0.0182,1.8,LOW,avg_usage_duration_min,n_upgrades,avg_error_count,HealthTech,event,1139.0,0
A-5247b3,0.7578,75.8,HIGH,avg_mrr,avg_usage_duration_min,industry,FinTech,partner,1071.91,0
A-7a0d69,0.9937,99.4,HIGH,avg_mrr,avg_error_count,avg_usage_duration_min,DevTools,ads,942.0,1
A-075038,0.0114,1.1,LOW,avg_mrr,industry,avg_error_count,HealthTech,ads,1350.64,0
A-acb7f7,0.0053,0.5,LOW,avg_mrr,avg_error_count,preceding_upgrade_flag,EdTech,ads,2714.5,0
A-eb7fac,0.0019,0.2,LOW,avg_error_count,avg_mrr,seats,DevTools,organic,4209.6,0
A-354f12,0.0063,0.6,LOW,seats,distinct_features_used,avg_session_count,FinTech,ads,2222.25,0
A-089363,0.0054,0.5,LOW,seats,industry,distinct_features_used,FinTech,event,1507.43,0
A-f92792,0.0365,3.6,LOW,avg_error_count,avg_session_count,avg_mrr,FinTech,ads,1343.36,0
A-c37cab,0.0139,1.4,LOW,industry,satisfaction_no_response_rate,n_urgent_tickets,Cybersecurity,event,2452.75,0
A-4c6f11,0.9908,99.1,HIGH,avg_error_count,industry,avg_session_count,FinTech,organic,1517.2,1
A-8145a0,0.0008,0.1,LOW,seats,industry,avg_usage_duration_min,Cybersecurity,partner,1438.33,0
A-c16b88,0.1825,18.3,LOW,avg_error_count,preceding_upgrade_flag,n_urgent_tickets,HealthTech,event,2259.78,0
A-dfbd31,0.0126,1.3,LOW,industry,n_upgrades,avg_usage_duration_min,DevTools,partner,1791.36,0
A-443f6f,0.0055,0.5,LOW,industry,avg_error_count,avg_usage_duration_min,Cybersecurity,organic,1510.44,0
A-054577,0.0072,0.7,LOW,seats,avg_error_count,avg_usage_duration_min,EdTech,ads,2787.56,0
A-8adedc,0.9896,99.0,HIGH,avg_error_count,referral_source,avg_usage_duration_min,EdTech,event,2023.43,1
A-a0ca4e,0.2181,21.8,LOW,industry,avg_error_count,distinct_features_used,Cybersecurity,ads,1848.11,0
A-3a5ad8,0.0079,0.8,LOW,avg_usage_duration_min,n_upgrades,industry,HealthTech,organic,2207.77,0
A-9a532a,0.002,0.2,LOW,avg_error_count,distinct_features_used,satisfaction_no_response_rate,HealthTech,partner,2736.25,0
A-2b9d3e,0.005,0.5,LOW,seats,avg_mrr,referral_source,EdTech,partner,571.33,0
A-4a4c2d,0.0035,0.4,LOW,avg_error_count,avg_mrr,referral_source,DevTools,event,2612.77,0
A-671f31,0.0004,0.0,LOW,avg_error_count,distinct_features_used,avg_usage_duration_min,DevTools,ads,5064.17,0
A-de58ca,0.009,0.9,LOW,avg_error_count,seats,avg_session_count,HealthTech,organic,2173.18,0
A-de24d5,0.0231,2.3,LOW,avg_usage_duration_min,avg_error_count,n_annual_subs,DevTools,other,1640.54,0
A-69b156,0.9976,99.8,HIGH,avg_usage_duration_min,avg_error_count,seats,EdTech,other,1588.11,1
A-92a333,0.0041,0.4,LOW,avg_error_count,avg_usage_duration_min,distinct_features_used,FinTech,event,1776.5,0
A-a1bbb6,0.0086,0.9,LOW,seats,avg_error_count,distinct_features_used,DevTools,organic,1800.25,0
A-66224b,0.0043,0.4,LOW,avg_mrr,seats,avg_error_count,HealthTech,other,5765.33,0
A-9077b0,0.0275,2.7,LOW,seats,avg_mrr,avg_error_count,HealthTech,ads,509.29,0
A-22f2df,0.0164,1.6,LOW,seats,avg_usage_duration_min,avg_mrr,DevTools,ads,827.89,0
A-ced9aa,0.0007,0.1,LOW,seats,avg_error_count,avg_mrr,DevTools,other,568.36,0
A-ad296b,0.0047,0.5,LOW,avg_error_count,avg_session_count,avg_mrr,DevTools,event,3071.67,0
A-625d0b,0.017,1.7,LOW,avg_usage_duration_min,avg_error_count,avg_mrr,EdTech,ads,1081.18,0
A-5b051a,0.0028,0.3,LOW,avg_error_count,industry,distinct_features_used,Cybersecurity,event,583.0,0
A-019782,0.9473,94.7,HIGH,avg_mrr,avg_error_count,avg_usage_duration_min,DevTools,event,928.11,0
A-560d27,0.0008,0.1,LOW,avg_mrr,avg_error_count,n_upgrades,DevTools,organic,3470.08,0
A-00cac8,0.0312,3.1,LOW,seats,satisfaction_no_response_rate,avg_session_count,HealthTech,organic,1569.0,0
A-7920cc,0.0018,0.2,LOW,industry,avg_mrr,avg_error_count,Cybersecurity,ads,3255.56,0
A-756192,0.0095,1.0,LOW,avg_error_count,avg_usage_duration_min,n_upgrades,FinTech,other,2140.0,0
A-fdfc91,0.02,2.0,LOW,industry,avg_error_count,avg_usage_duration_min,Cybersecurity,ads,2061.2,0
A-c4ea60,0.9915,99.2,HIGH,avg_session_count,industry,avg_mrr,FinTech,other,1627.33,1
A-524364,0.0033,0.3,LOW,avg_error_count,avg_usage_duration_min,seats,DevTools,partner,1592.0,0
A-b3fe05,0.0056,0.6,LOW,industry,seats,avg_error_count,Cybersecurity,partner,2721.56,0
A-794a0b,0.002,0.2,LOW,avg_error_count,avg_usage_duration_min,preceding_downgrade_flag,HealthTech,organic,1510.71,0
A-9f2731,0.5747,57.5,MEDIUM,seats,avg_mrr,distinct_features_used,FinTech,event,516.14,0
A-fa3095,0.1352,13.5,LOW,seats,avg_mrr,industry,FinTech,ads,5769.17,0
A-9779ad,0.9887,98.9,HIGH,avg_error_count,satisfaction_no_response_rate,referral_source,Cybersecurity,event,5168.0,1
A-32728c,0.994,99.4,HIGH,avg_mrr,avg_usage_duration_min,avg_error_count,DevTools,event,562.25,1
A-7c83a1,0.0017,0.2,LOW,industry,avg_error_count,avg_session_count,Cybersecurity,partner,1394.25,0
A-157070,0.0138,1.4,LOW,avg_usage_duration_min,referral_source,avg_session_count,FinTech,ads,1719.12,0
A-e43bf7,0.0014,0.1,LOW,avg_usage_duration_min,avg_error_count,avg_mrr,Cybersecurity,other,6666.57,0
A-241e75,0.0006,0.1,LOW,seats,distinct_features_used,preceding_upgrade_flag,EdTech,partner,718.8,0
A-158f4e,0.3374,33.7,LOW,avg_error_count,avg_usage_duration_min,avg_mrr,FinTech,other,3654.92,0
A-05f0e5,0.001,0.1,LOW,avg_mrr,preceding_upgrade_flag,avg_error_count,FinTech,partner,4259.08,0
A-50bb9f,0.0097,1.0,LOW,seats,distinct_features_used,avg_error_count,Cybersecurity,organic,2157.88,0
A-05d3b3,0.4238,42.4,MEDIUM,avg_mrr,n_annual_subs,avg_usage_duration_min,DevTools,ads,970.0,0
A-ef84cf,0.0062,0.6,LOW,avg_error_count,distinct_features_used,seats,EdTech,partner,1501.4,0
A-4bfa33,0.0017,0.2,LOW,industry,avg_usage_duration_min,distinct_features_used,Cybersecurity,event,800.86,0
A-716841,0.0147,1.5,LOW,avg_mrr,avg_error_count,n_upgrades,FinTech,other,3279.25,0
A-ac9111,0.0132,1.3,LOW,avg_error_count,preceding_upgrade_flag,avg_session_count,HealthTech,event,1664.12,0
A-ed510f,0.0313,3.1,LOW,avg_mrr,industry,avg_error_count,Cybersecurity,partner,3616.2,0
A-d535f6,0.996,99.6,HIGH,avg_error_count,avg_mrr,n_urgent_tickets,DevTools,organic,823.89,1
A-e98302,0.0099,1.0,LOW,avg_error_count,distinct_features_used,seats,EdTech,ads,2094.5,0
A-86cdb4,0.0005,0.1,LOW,seats,avg_usage_duration_min,avg_error_count,DevTools,partner,394.56,0
A-3c1a3f,0.0008,0.1,LOW,seats,avg_usage_duration_min,n_annual_subs,DevTools,event,1242.42,0
A-f9cc74,0.0058,0.6,LOW,avg_usage_duration_min,avg_mrr,n_upgrades,DevTools,partner,1555.7,0
A-cbbe12,0.0126,1.3,LOW,avg_usage_duration_min,industry,n_upgrades,Cybersecurity,partner,2180.17,0
A-779e4e,0.0039,0.4,LOW,avg_usage_duration_min,avg_mrr,industry,HealthTech,organic,2808.1,0
A-e6afc1,0.0169,1.7,LOW,seats,referral_source,avg_session_count,DevTools,ads,2052.91,0
A-ccc747,0.9931,99.3,HIGH,avg_mrr,avg_usage_duration_min,distinct_features_used,HealthTech,event,802.0,1
A-2e4581,0.0019,0.2,LOW,avg_error_count,avg_usage_duration_min,preceding_upgrade_flag,EdTech,partner,1260.3,0
A-e19ff6,0.0015,0.2,LOW,industry,seats,avg_mrr,Cybersecurity,partner,409.17,0
A-e7a1e2,0.0024,0.2,LOW,seats,industry,satisfaction_no_response_rate,Cybersecurity,event,1670.17,0
A-902ef7,0.989,98.9,HIGH,avg_error_count,avg_usage_duration_min,seats,HealthTech,other,5540.25,1
A-5b1bcd,0.0054,0.5,LOW,avg_mrr,avg_error_count,seats,DevTools,organic,8886.53,0
A-2e3bad,0.0044,0.4,LOW,avg_mrr,avg_usage_duration_min,avg_error_count,FinTech,other,4587.2,0
A-659280,0.9909,99.1,HIGH,avg_error_count,avg_mrr,industry,FinTech,event,1787.5,1
A-781cc0,0.0495,5.0,LOW,avg_mrr,preceding_upgrade_flag,distinct_features_used,EdTech,organic,1144.69,0
A-2d1036,0.0042,0.4,LOW,avg_mrr,avg_usage_duration_min,preceding_upgrade_flag,FinTech,ads,4973.31,1
A-6e7827,0.5248,52.5,MEDIUM,avg_mrr,avg_error_count,n_upgrades,DevTools,other,927.11,0
A-c16101,0.3895,39.0,LOW,preceding_downgrade_flag,seats,avg_usage_duration_min,EdTech,other,1242.2,0
A-1f559b,0.9941,99.4,HIGH,seats,avg_mrr,distinct_features_used,HealthTech,organic,1175.6,1
A-20736a,0.0026,0.3,LOW,avg_mrr,avg_error_count,avg_usage_duration_min,EdTech,organic,5789.29,0
A-5a184f,0.0112,1.1,LOW,seats,avg_error_count,n_urgent_tickets,DevTools,other,2068.3,1
A-bad8c1,0.8862,88.6,HIGH,avg_error_count,seats,avg_mrr,FinTech,organic,1113.86,0
A-cc1d8d,0.0054,0.5,LOW,avg_error_count,distinct_features_used,seats,FinTech,other,688.23,0
A-c58f49,0.026,2.6,LOW,avg_mrr,avg_usage_duration_min,n_upgrades,EdTech,other,10140.0,0
A-84ebe4,0.9931,99.3,HIGH,avg_error_count,n_upgrades,avg_session_count,FinTech,ads,2544.91,1
A-08e34e,0.9941,99.4,HIGH,avg_error_count,distinct_features_used,avg_mrr,EdTech,event,1983.73,1
A-0f6450,0.993,99.3,HIGH,preceding_downgrade_flag,avg_usage_duration_min,industry,FinTech,other,2163.64,1
A-b2af2e,0.0114,1.1,LOW,industry,distinct_features_used,avg_error_count,Cybersecurity,event,778.0,0
A-098560,0.9907,99.1,HIGH,avg_error_count,avg_mrr,n_urgent_tickets,DevTools,ads,1120.55,1
A-249769,0.0006,0.1,LOW,industry,avg_error_count,avg_usage_duration_min,Cybersecurity,event,1209.0,1
A-b9f5b1,0.0139,1.4,LOW,industry,avg_mrr,seats,Cybersecurity,other,1010.29,0
A-32fb14,0.9911,99.1,HIGH,avg_mrr,avg_error_count,seats,DevTools,event,1129.11,1
A-1b9609,0.0105,1.0,LOW,avg_session_count,avg_error_count,industry,EdTech,ads,1528.18,0
A-c45b23,0.0236,2.4,LOW,industry,n_annual_subs,referral_source,FinTech,partner,708.67,0
A-104f1a,0.006,0.6,LOW,industry,avg_usage_duration_min,avg_session_count,Cybersecurity,other,1577.12,0
A-56962b,0.0032,0.3,LOW,avg_error_count,avg_usage_duration_min,preceding_upgrade_flag,EdTech,partner,7800.71,0
A-b54c01,0.0104,1.0,LOW,distinct_features_used,avg_usage_duration_min,preceding_upgrade_flag,DevTools,event,848.25,0
A-7dacce,0.0503,5.0,LOW,avg_error_count,industry,n_urgent_tickets,Cybersecurity,event,2305.7,1
A-2d4502,0.5019,50.2,MEDIUM,referral_source,seats,preceding_upgrade_flag,FinTech,event,2907.1,0
A-dcc3f1,0.0118,1.2,LOW,avg_session_count,avg_error_count,avg_usage_duration_min,HealthTech,event,1593.38,0
A-a7bd4b,0.0088,0.9,LOW,industry,avg_error_count,seats,Cybersecurity,ads,569.82,0
A-34ea2f,0.9931,99.3,HIGH,avg_error_count,avg_mrr,seats,HealthTech,organic,1215.25,1
A-f45426,0.0009,0.1,LOW,avg_error_count,distinct_features_used,n_downgrades,HealthTech,organic,1571.73,0
A-90a8c8,0.0012,0.1,LOW,avg_mrr,distinct_features_used,avg_error_count,FinTech,organic,3787.71,0
A-51ec1b,0.0054,0.5,LOW,distinct_features_used,avg_usage_duration_min,seats,DevTools,ads,1847.83,0
A-798a3f,0.9909,99.1,HIGH,avg_usage_duration_min,avg_error_count,avg_mrr,DevTools,other,1572.44,1
A-ac14bb,0.0016,0.2,LOW,avg_error_count,avg_mrr,seats,FinTech,partner,3468.25,0
A-331424,0.009,0.9,LOW,distinct_features_used,avg_usage_duration_min,avg_mrr,DevTools,organic,1129.33,0
A-31ab9a,0.0035,0.4,LOW,seats,avg_error_count,distinct_features_used,FinTech,organic,2257.43,0
A-4ef964,0.0028,0.3,LOW,avg_error_count,preceding_upgrade_flag,n_annual_subs,HealthTech,organic,1586.56,0
A-5a92e7,0.0021,0.2,LOW,avg_error_count,preceding_upgrade_flag,industry,HealthTech,ads,666.89,0
A-3f9cc0,0.0239,2.4,LOW,avg_mrr,avg_error_count,seats,HealthTech,event,2848.57,0
A-439b2f,0.0013,0.1,LOW,seats,distinct_features_used,avg_usage_duration_min,DevTools,ads,299.33,1
A-b20d99,0.0133,1.3,LOW,distinct_features_used,n_upgrades,avg_session_count,HealthTech,other,1581.29,0
A-3b5cd1,0.0366,3.7,LOW,avg_usage_duration_min,industry,avg_session_count,FinTech,event,1821.23,0
A-c7ffc2,0.0067,0.7,LOW,avg_error_count,industry,n_upgrades,Cybersecurity,partner,3009.33,0
A-f25509,0.0036,0.4,LOW,avg_mrr,distinct_features_used,avg_error_count,EdTech,other,3224.4,0
A-fce879,0.0371,3.7,LOW,avg_error_count,preceding_upgrade_flag,seats,EdTech,partner,1359.4,1
A-80eeb6,0.0017,0.2,LOW,avg_mrr,industry,distinct_features_used,Cybersecurity,organic,4280.56,0
A-5ed98d,0.0221,2.2,LOW,satisfaction_no_response_rate,avg_usage_duration_min,n_upgrades,DevTools,partner,1934.75,0
A-72799b,0.8718,87.2,HIGH,avg_error_count,preceding_upgrade_flag,referral_source,DevTools,event,1731.5,1
A-526d93,0.0013,0.1,LOW,avg_error_count,avg_mrr,preceding_upgrade_flag,HealthTech,organic,4355.67,0
A-e3bd71,0.0048,0.5,LOW,preceding_downgrade_flag,avg_mrr,industry,Cybersecurity,partner,3784.55,0
A-ce550d,0.0049,0.5,LOW,avg_mrr,preceding_upgrade_flag,industry,HealthTech,event,5417.89,1
A-96bbc6,0.0009,0.1,LOW,avg_mrr,industry,satisfaction_no_response_rate,Cybersecurity,organic,3803.25,0
A-d42431,0.0016,0.2,LOW,preceding_upgrade_flag,avg_usage_duration_min,avg_error_count,FinTech,ads,2351.11,0
A-462d45,0.0097,1.0,LOW,avg_usage_duration_min,distinct_features_used,referral_source,Cybersecurity,partner,1952.67,0
A-922109,0.0019,0.2,LOW,seats,industry,avg_usage_duration_min,Cybersecurity,ads,1086.0,0
A-463db0,0.0139,1.4,LOW,avg_session_count,seats,avg_usage_duration_min,HealthTech,partner,1895.14,0
A-117171,0.9933,99.3,HIGH,avg_error_count,avg_usage_duration_min,avg_mrr,HealthTech,organic,2403.0,1
A-342303,0.0024,0.2,LOW,avg_usage_duration_min,seats,n_annual_subs,EdTech,other,565.0,0
A-855a48,0.0002,0.0,LOW,avg_mrr,avg_error_count,avg_session_count,EdTech,partner,3797.0,0
A-f03140,0.0051,0.5,LOW,avg_usage_duration_min,n_upgrades,industry,DevTools,event,2107.5,0
A-812c5b,0.9892,98.9,HIGH,avg_error_count,seats,avg_mrr,DevTools,organic,2298.77,1
A-4f18f0,0.0096,1.0,LOW,avg_mrr,seats,avg_session_count,DevTools,other,2522.0,0
A-b30291,0.9908,99.1,HIGH,avg_mrr,preceding_downgrade_flag,seats,HealthTech,event,537.5,1
A-1e1b80,0.002,0.2,LOW,avg_mrr,avg_error_count,n_upgrades,FinTech,other,4053.92,0
A-30b4ca,0.9869,98.7,HIGH,avg_error_count,seats,initial_plan_tier,EdTech,organic,9492.25,1
A-7c6b6b,0.0013,0.1,LOW,avg_usage_duration_min,avg_error_count,distinct_features_used,FinTech,other,688.29,0
A-3a7284,0.0135,1.4,LOW,avg_mrr,avg_error_count,industry,FinTech,organic,2959.92,0
A-b7724f,0.0026,0.3,LOW,seats,avg_usage_duration_min,avg_mrr,HealthTech,organic,402.75,0
A-dec005,0.003,0.3,LOW,avg_error_count,avg_usage_duration_min,avg_mrr,HealthTech,partner,3074.4,0
A-dcc2f0,0.1163,11.6,LOW,avg_error_count,industry,satisfaction_no_response_rate,FinTech,organic,1166.2,0
A-e51ec7,0.0017,0.2,LOW,seats,avg_mrr,avg_error_count,FinTech,partner,3009.5,0
A-19b2c8,0.0201,2.0,LOW,avg_error_count,n_upgrades,n_urgent_tickets,DevTools,other,2054.08,0
A-c608c8,0.0536,5.4,LOW,seats,avg_usage_duration_min,avg_mrr,DevTools,ads,1189.25,1
A-f17767,0.9912,99.1,HIGH,avg_mrr,avg_error_count,n_upgrades,DevTools,event,1152.79,1
A-bcf664,0.0214,2.1,LOW,avg_mrr,avg_usage_duration_min,distinct_features_used,DevTools,other,1056.0,0
A-9b9fe9,0.002,0.2,LOW,avg_error_count,avg_usage_duration_min,avg_session_count,EdTech,other,1643.75,0
A-b07346,0.9882,98.8,HIGH,avg_error_count,seats,industry,HealthTech,partner,6283.2,1
A-d77f4c,0.0043,0.4,LOW,avg_mrr,avg_error_count,avg_usage_duration_min,DevTools,partner,3480.43,0
A-ad3abd,0.2464,24.6,LOW,distinct_features_used,industry,n_upgrades,FinTech,event,2413.71,0
A-118f1c,0.0063,0.6,LOW,avg_mrr,avg_usage_duration_min,industry,Cybersecurity,other,6520.0,0
A-cc102e,0.3667,36.7,LOW,avg_mrr,avg_usage_duration_min,avg_error_count,HealthTech,partner,1006.3,0
A-8b0451,0.0045,0.4,LOW,avg_error_count,avg_session_count,n_urgent_tickets,FinTech,event,3170.9,0
A-0baac2,0.9841,98.4,HIGH,avg_session_count,avg_error_count,industry,FinTech,organic,3083.33,1
A-bcbe98,0.007,0.7,LOW,avg_error_count,avg_usage_duration_min,distinct_features_used,Cybersecurity,other,1969.64,0
A-bb1eaa,0.0142,1.4,LOW,avg_usage_duration_min,industry,distinct_features_used,Cybersecurity,organic,2076.2,0
A-1ac5e0,0.9954,99.5,HIGH,avg_error_count,avg_usage_duration_min,avg_mrr,DevTools,event,1824.9,1
A-e4144b,0.0009,0.1,LOW,avg_mrr,n_upgrades,avg_error_count,EdTech,other,3542.4,0
A-ce66f8,0.0081,0.8,LOW,avg_session_count,avg_error_count,referral_source,EdTech,event,1976.33,0
A-b48f73,0.0299,3.0,LOW,avg_mrr,avg_error_count,avg_session_count,EdTech,event,4045.71,0
A-cc98bc,0.0093,0.9,LOW,n_upgrades,initial_plan_tier,seats,DevTools,ads,2156.7,0
A-3932db,0.9898,99.0,HIGH,avg_error_count,avg_mrr,avg_usage_duration_min,HealthTech,other,1565.22,1
A-b7b7b7,0.9889,98.9,HIGH,avg_session_count,seats,avg_error_count,FinTech,event,2379.83,1
A-92a3af,0.0408,4.1,LOW,avg_error_count,distinct_features_used,avg_mrr,Cybersecurity,organic,3139.82,0
A-700ade,0.019,1.9,LOW,avg_usage_duration_min,seats,industry,Cybersecurity,organic,2109.38,0
A-068fc6,0.003,0.3,LOW,avg_mrr,n_upgrades,avg_usage_duration_min,EdTech,event,2908.5,0
A-503d5a,0.9893,98.9,HIGH,avg_error_count,distinct_features_used,industry,FinTech,other,1490.33,1
A-a2485e,0.0039,0.4,LOW,seats,distinct_features_used,industry,FinTech,event,1462.5,0
A-b9eed8,0.0008,0.1,LOW,avg_error_count,industry,avg_usage_duration_min,Cybersecurity,organic,1507.0,0
A-67be94,0.0015,0.1,LOW,n_upgrades,avg_mrr,seats,EdTech,organic,3132.86,0
A-eb7c38,0.0998,10.0,LOW,preceding_downgrade_flag,seats,n_annual_subs,DevTools,organic,2547.33,0
A-cc8c8f,0.0007,0.1,LOW,avg_error_count,distinct_features_used,preceding_upgrade_flag,DevTools,ads,2228.57,0
A-0354fe,0.0865,8.7,LOW,preceding_downgrade_flag,avg_error_count,industry,Cybersecurity,other,2210.0,0
A-2446e3,0.0031,0.3,LOW,avg_mrr,seats,n_upgrades,EdTech,organic,3448.29,0
A-c37601,0.0049,0.5,LOW,avg_usage_duration_min,avg_error_count,n_annual_subs,EdTech,partner,1706.25,0
A-39ddf4,0.0005,0.0,LOW,avg_error_count,avg_mrr,n_urgent_tickets,EdTech,partner,3981.78,0
A-18793f,0.0065,0.7,LOW,avg_mrr,preceding_upgrade_flag,seats,EdTech,organic,7144.36,0
A-bf7919,0.3447,34.5,LOW,seats,avg_usage_duration_min,preceding_downgrade_flag,HealthTech,organic,260.0,0
A-0cc442,0.0117,1.2,LOW,avg_mrr,avg_error_count,initial_plan_tier,EdTech,organic,4764.23,0
A-81edc3,0.0062,0.6,LOW,industry,avg_usage_duration_min,avg_error_count,Cybersecurity,ads,1460.33,0
A-751bd4,0.009,0.9,LOW,industry,avg_mrr,avg_error_count,Cybersecurity,partner,95.0,0
A-f5641b,0.0003,0.0,LOW,avg_mrr,avg_error_count,n_upgrades,EdTech,other,3912.0,0
A-1e6fc3,0.2131,21.3,LOW,seats,initial_plan_tier,avg_error_count,EdTech,other,111.0,0
A-4ae22a,0.045,4.5,LOW,avg_error_count,seats,distinct_features_used,EdTech,other,1347.43,1
A-5f2961,0.1394,13.9,LOW,distinct_features_used,avg_usage_duration_min,avg_error_count,HealthTech,partner,1471.29,0
A-89ee83,0.9917,99.2,HIGH,n_upgrades,seats,avg_usage_duration_min,Cybersecurity,organic,2264.27,1
A-40de06,0.4797,48.0,MEDIUM,distinct_features_used,avg_mrr,avg_session_count,Cybersecurity,event,1803.88,1
A-2789e3,0.0047,0.5,LOW,avg_error_count,distinct_features_used,industry,FinTech,partner,2040.75,0
A-9badbd,0.0011,0.1,LOW,industry,avg_error_count,distinct_features_used,Cybersecurity,ads,2498.23,0
A-49b828,0.7264,72.6,HIGH,seats,distinct_features_used,avg_usage_duration_min,FinTech,ads,2222.0,0
A-977ca0,0.9915,99.1,HIGH,seats,avg_error_count,avg_usage_duration_min,HealthTech,partner,1878.44,1
A-e89151,0.9887,98.9,HIGH,avg_error_count,seats,avg_mrr,FinTech,organic,2414.89,1
A-bd4708,0.0026,0.3,LOW,avg_mrr,n_upgrades,avg_usage_duration_min,FinTech,ads,2998.08,0
A-7c4956,0.9956,99.6,HIGH,avg_mrr,seats,avg_usage_duration_min,DevTools,ads,426.12,1
A-f446b6,0.0155,1.5,LOW,avg_error_count,seats,distinct_features_used,DevTools,ads,1265.78,0
A-c7e58b,0.1063,10.6,LOW,seats,avg_mrr,industry,HealthTech,other,769.14,0
A-443b7c,0.9895,99.0,HIGH,n_upgrades,avg_mrr,avg_session_count,Cybersecurity,other,1503.88,1
A-bc87bc,0.0069,0.7,LOW,seats,industry,avg_error_count,FinTech,event,1504.0,0
A-6c093d,0.0045,0.4,LOW,avg_usage_duration_min,avg_error_count,avg_mrr,DevTools,partner,1353.5,0
A-6843f2,0.0194,1.9,LOW,avg_error_count,avg_session_count,avg_usage_duration_min,HealthTech,ads,1835.56,0
A-328bd0,0.0013,0.1,LOW,avg_error_count,avg_usage_duration_min,industry,HealthTech,partner,1229.15,0
A-55f257,0.0182,1.8,LOW,avg_usage_duration_min,industry,n_upgrades,FinTech,organic,1213.7,0
A-508199,0.008,0.8,LOW,distinct_features_used,n_upgrades,industry,FinTech,event,1687.2,0
A-4e960a,0.9948,99.5,HIGH,industry,avg_error_count,avg_session_count,FinTech,other,1995.17,1
A-e2cd1b,0.0036,0.4,LOW,avg_error_count,avg_usage_duration_min,seats,DevTools,other,1394.22,0
A-e60f9d,0.0105,1.0,LOW,avg_usage_duration_min,avg_mrr,avg_error_count,FinTech,other,3387.8,0
A-f19b24,0.0029,0.3,LOW,avg_error_count,industry,avg_usage_duration_min,Cybersecurity,organic,841.0,0
A-544d0a,0.0021,0.2,LOW,seats,avg_error_count,n_escalations,DevTools,organic,1849.2,0
A-2f6a32,0.0049,0.5,LOW,avg_error_count,avg_session_count,industry,HealthTech,organic,683.0,0
A-f97b9a,0.0229,2.3,LOW,avg_error_count,seats,n_upgrades,FinTech,event,2166.64,0
A-427b69,0.0311,3.1,LOW,avg_error_count,avg_session_count,avg_usage_duration_min,FinTech,other,1995.8,0
A-e4bf56,0.9946,99.5,HIGH,avg_error_count,avg_session_count,industry,HealthTech,ads,2703.71,1
A-43a9e3,0.9916,99.2,HIGH,distinct_features_used,avg_mrr,avg_usage_duration_min,FinTech,other,1250.5,1
A-9174e0,0.0009,0.1,LOW,avg_error_count,avg_mrr,n_annual_subs,Cybersecurity,partner,3598.4,0
A-9c18c4,0.9936,99.4,HIGH,distinct_features_used,avg_usage_duration_min,industry,HealthTech,ads,1782.3,1
A-cbd1a3,0.995,99.5,HIGH,avg_usage_duration_min,seats,distinct_features_used,DevTools,other,1635.1,1
A-fb186e,0.0097,1.0,LOW,distinct_features_used,avg_session_count,n_annual_subs,EdTech,organic,1923.67,0
A-600734,0.9928,99.3,HIGH,avg_mrr,avg_error_count,avg_usage_duration_min,DevTools,organic,1394.77,1
A-4c38bc,0.9918,99.2,HIGH,avg_error_count,seats,avg_mrr,HealthTech,event,3003.75,1
A-cea1f0,0.9954,99.5,HIGH,avg_usage_duration_min,avg_error_count,seats,FinTech,event,1224.4,1
A-35083d,0.9939,99.4,HIGH,avg_session_count,avg_error_count,distinct_features_used,HealthTech,partner,2027.06,1
A-1f7acb,0.0091,0.9,LOW,avg_error_count,avg_mrr,distinct_features_used,FinTech,ads,5864.0,0
A-88c6ca,0.9914,99.1,HIGH,avg_mrr,seats,industry,FinTech,ads,921.29,1
A-cb6cc6,0.0206,2.1,LOW,distinct_features_used,avg_error_count,avg_mrr,DevTools,ads,374.57,0
A-0e966d,0.9937,99.4,HIGH,avg_mrr,avg_error_count,industry,FinTech,ads,1131.36,1
A-ffdfd5,0.1282,12.8,LOW,seats,avg_mrr,avg_error_count,EdTech,organic,1432.2,1
A-726cfa,0.0137,1.4,LOW,n_annual_subs,avg_error_count,avg_usage_duration_min,DevTools,partner,1830.63,0
A-8ed5dd,0.9947,99.5,HIGH,avg_mrr,seats,distinct_features_used,EdTech,event,996.33,1
A-3be56b,0.9919,99.2,HIGH,avg_error_count,distinct_features_used,industry,HealthTech,event,1420.0,1
A-c9bb3e,0.1248,12.5,LOW,avg_usage_duration_min,seats,avg_session_count,EdTech,ads,1521.7,0
A-58b9ff,0.0069,0.7,LOW,seats,avg_error_count,n_upgrades,DevTools,partner,1741.69,0
A-751c58,0.0229,2.3,LOW,avg_error_count,seats,industry,FinTech,organic,1781.55,0
A-3b37d9,0.0023,0.2,LOW,avg_mrr,avg_session_count,seats,FinTech,event,2776.43,0
A-ccb686,0.0101,1.0,LOW,avg_error_count,n_annual_subs,distinct_features_used,DevTools,other,1795.08,0
A-9f9299,0.0051,0.5,LOW,avg_error_count,satisfaction_no_response_rate,avg_mrr,FinTech,organic,2826.87,0
A-db5e9e,0.0138,1.4,LOW,avg_error_count,avg_session_count,satisfaction_no_response_rate,DevTools,partner,1156.38,0
A-6da850,0.0029,0.3,LOW,avg_usage_duration_min,avg_error_count,seats,FinTech,organic,1159.94,0
A-7641d3,0.9939,99.4,HIGH,avg_mrr,avg_error_count,avg_session_count,EdTech,partner,1096.36,1
A-271f46,0.9926,99.3,HIGH,avg_session_count,avg_error_count,avg_mrr,DevTools,event,2450.5,1
A-a33200,0.1385,13.9,LOW,avg_session_count,preceding_upgrade_flag,avg_usage_duration_min,HealthTech,partner,2409.42,0
A-4437e4,0.0141,1.4,LOW,industry,n_upgrades,seats,Cybersecurity,event,1114.44,0
A-82d8a6,0.0031,0.3,LOW,industry,avg_session_count,distinct_features_used,Cybersecurity,ads,1645.06,0
A-c70870,0.0147,1.5,LOW,avg_mrr,industry,n_urgent_tickets,Cybersecurity,partner,5659.14,0
A-b44e3e,0.0024,0.2,LOW,avg_mrr,avg_error_count,distinct_features_used,Cybersecurity,ads,6217.29,0
A-9289f6,0.7575,75.8,HIGH,avg_mrr,seats,avg_error_count,EdTech,event,1091.33,0
A-484819,0.3935,39.4,LOW,avg_error_count,industry,n_annual_subs,HealthTech,organic,2575.5,0
A-7988d1,0.0126,1.3,LOW,industry,avg_error_count,satisfaction_no_response_rate,Cybersecurity,other,1188.0,0
A-6a7c9d,0.9936,99.4,HIGH,avg_error_count,avg_session_count,avg_mrr,Cybersecurity,organic,2605.6,1
A-65a46c,0.0151,1.5,LOW,avg_mrr,seats,industry,HealthTech,event,2834.38,0
A-45ce7a,0.0033,0.3,LOW,avg_error_count,distinct_features_used,seats,FinTech,ads,1173.71,0
A-c42f1f,0.9599,96.0,HIGH,avg_usage_duration_min,avg_error_count,avg_mrr,HealthTech,other,646.88,0
A-b11cd0,0.9922,99.2,HIGH,avg_mrr,avg_error_count,avg_usage_duration_min,DevTools,ads,801.0,1
A-fe79a5,0.0208,2.1,LOW,avg_session_count,avg_error_count,distinct_features_used,HealthTech,ads,1353.2,0
A-e36807,0.971,97.1,HIGH,avg_usage_duration_min,seats,avg_error_count,EdTech,other,1256.9,0
A-ff79f2,0.9928,99.3,HIGH,avg_error_count,seats,avg_mrr,DevTools,ads,3097.0,1
A-d40bf7,0.0033,0.3,LOW,avg_mrr,avg_usage_duration_min,satisfaction_no_response_rate,FinTech,organic,4324.7,0
A-54d94a,0.0061,0.6,LOW,industry,avg_usage_duration_min,avg_error_count,Cybersecurity,event,1141.55,0
A-940b8b,0.0085,0.8,LOW,avg_usage_duration_min,avg_error_count,industry,HealthTech,organic,1205.0,0
A-8b25f2,0.0032,0.3,LOW,industry,avg_error_count,avg_session_count,Cybersecurity,ads,1080.62,1
A-eb1312,0.6622,66.2,MEDIUM,avg_error_count,n_urgent_tickets,industry,FinTech,partner,1512.25,0
A-a45270,0.0041,0.4,LOW,seats,avg_error_count,industry,HealthTech,ads,1677.58,0
A-6965e1,0.0124,1.2,LOW,n_upgrades,avg_error_count,initial_plan_tier,DevTools,organic,2313.75,0
A-37f969,0.0105,1.1,LOW,industry,avg_mrr,distinct_features_used,HealthTech,partner,2869.88,0
A-016043,0.0088,0.9,LOW,avg_session_count,n_annual_subs,seats,EdTech,organic,1501.45,0
A-0a282f,0.023,2.3,LOW,seats,preceding_downgrade_flag,n_annual_subs,DevTools,organic,1219.07,0
A-8e47ca,0.0012,0.1,LOW,avg_error_count,seats,n_upgrades,HealthTech,organic,3124.44,0
A-e83938,0.9939,99.4,HIGH,avg_error_count,avg_usage_duration_min,avg_mrr,DevTools,other,937.88,1
A-3793ee,0.0041,0.4,LOW,avg_usage_duration_min,avg_mrr,avg_error_count,Cybersecurity,organic,3815.0,0
A-eafc6e,0.9944,99.4,HIGH,avg_session_count,avg_usage_duration_min,avg_mrr,DevTools,partner,2318.43,1
A-692f18,0.0059,0.6,LOW,avg_error_count,seats,preceding_upgrade_flag,EdTech,other,1797.06,1
A-9affe6,0.0065,0.7,LOW,industry,avg_session_count,avg_error_count,Cybersecurity,other,966.91,0
A-faa28c,0.0008,0.1,LOW,avg_mrr,avg_usage_duration_min,avg_error_count,HealthTech,organic,4171.71,0
A-993085,0.0066,0.7,LOW,avg_mrr,avg_error_count,avg_usage_duration_min,HealthTech,ads,3230.4,0
A-a8b49c,0.0039,0.4,LOW,avg_error_count,industry,avg_usage_duration_min,Cybersecurity,partner,963.92,0
A-b78bf8,0.012,1.2,LOW,avg_error_count,avg_mrr,n_upgrades,DevTools,event,2802.88,0
A-0a62f5,0.0083,0.8,LOW,avg_session_count,distinct_features_used,seats,FinTech,partner,1215.25,0
A-e61e98,0.9909,99.1,HIGH,avg_mrr,preceding_downgrade_flag,distinct_features_used,FinTech,partner,1498.22,1
A-4a267b,0.0057,0.6,LOW,avg_mrr,industry,n_upgrades,FinTech,other,2968.7,0
A-e693b6,0.9927,99.3,HIGH,preceding_downgrade_flag,seats,avg_error_count,FinTech,event,2846.25,1
A-4d1e75,0.0139,1.4,LOW,avg_error_count,avg_usage_duration_min,seats,DevTools,other,2414.62,0
A-ae052e,0.0212,2.1,LOW,n_upgrades,industry,avg_mrr,FinTech,other,1282.17,0
A-2ebb4b,0.0015,0.1,LOW,preceding_upgrade_flag,avg_error_count,avg_mrr,HealthTech,ads,3068.8,0
A-e7beab,0.0137,1.4,LOW,distinct_features_used,preceding_downgrade_flag,avg_usage_duration_min,EdTech,organic,1618.86,0
A-df1e44,0.0038,0.4,LOW,industry,n_upgrades,avg_session_count,Cybersecurity,organic,1191.55,0
A-e351e1,0.0006,0.1,LOW,avg_error_count,distinct_features_used,avg_mrr,EdTech,other,699.6,0
A-310452,0.0006,0.1,LOW,avg_usage_duration_min,avg_error_count,distinct_features_used,DevTools,other,2200.6,0
A-86902e,0.0038,0.4,LOW,avg_mrr,industry,n_urgent_tickets,HealthTech,other,3604.1,0
A-592832,0.9903,99.0,HIGH,avg_error_count,avg_session_count,distinct_features_used,Cybersecurity,organic,1714.26,1
A-b2225d,0.0041,0.4,LOW,avg_error_count,n_upgrades,industry,FinTech,ads,1590.67,1
A-ccabf0,0.0031,0.3,LOW,seats,avg_usage_duration_min,industry,HealthTech,organic,2237.9,0
A-3cc791,0.7268,72.7,HIGH,avg_mrr,seats,distinct_features_used,EdTech,other,1065.25,0
A-94d3da,0.7191,71.9,HIGH,avg_error_count,n_upgrades,industry,HealthTech,other,1889.42,0
A-180abf,0.9943,99.4,HIGH,avg_error_count,avg_usage_duration_min,seats,DevTools,event,4145.78,1
A-d792a6,0.0103,1.0,LOW,avg_error_count,n_annual_subs,n_upgrades,DevTools,organic,1536.6,0
A-bbc346,0.0224,2.2,LOW,avg_error_count,avg_mrr,n_urgent_tickets,FinTech,partner,2547.85,0
A-309e54,0.0043,0.4,LOW,avg_mrr,avg_session_count,avg_error_count,DevTools,other,2595.36,0
A-9f0b68,0.2565,25.7,LOW,referral_source,preceding_upgrade_flag,distinct_features_used,EdTech,ads,2376.5,0
A-5f7781,0.0024,0.2,LOW,distinct_features_used,avg_session_count,n_upgrades,DevTools,other,2050.4,0
A-96e141,0.0089,0.9,LOW,avg_usage_duration_min,avg_error_count,avg_session_count,DevTools,partner,2209.71,0
A-86fc1d,0.0024,0.2,LOW,avg_error_count,preceding_upgrade_flag,n_upgrades,DevTools,partner,1686.78,0
A-4e44e8,0.0009,0.1,LOW,seats,avg_mrr,satisfaction_no_response_rate,DevTools,ads,2603.21,1
A-a865bd,0.0089,0.9,LOW,avg_mrr,industry,avg_usage_duration_min,Cybersecurity,organic,4204.4,0
A-bece89,0.0022,0.2,LOW,distinct_features_used,avg_error_count,industry,Cybersecurity,event,3208.33,0
A-39868b,0.0055,0.5,LOW,preceding_upgrade_flag,avg_error_count,avg_mrr,FinTech,partner,838.8,0
A-432483,0.0068,0.7,LOW,industry,avg_usage_duration_min,n_tickets,Cybersecurity,ads,2868.11,0
A-59f724,0.0017,0.2,LOW,seats,avg_error_count,distinct_features_used,HealthTech,other,814.42,0
A-297a2d,0.0079,0.8,LOW,avg_error_count,avg_mrr,avg_usage_duration_min,HealthTech,event,2874.6,0
A-fd9422,0.0007,0.1,LOW,industry,avg_error_count,avg_mrr,Cybersecurity,organic,3125.56,0
A-9bfc9f,0.2995,29.9,LOW,distinct_features_used,avg_usage_duration_min,avg_mrr,DevTools,ads,1704.67,0
A-94c3cd,0.0102,1.0,LOW,distinct_features_used,avg_usage_duration_min,avg_error_count,FinTech,other,1506.0,0
A-7da956,0.0023,0.2,LOW,industry,avg_error_count,n_upgrades,Cybersecurity,event,913.58,0
A-d4e0d4,0.0084,0.8,LOW,avg_error_count,avg_mrr,n_upgrades,FinTech,other,13806.0,0
A-0aaf6e,0.0019,0.2,LOW,avg_error_count,seats,avg_mrr,FinTech,organic,2676.0,0
A-970c97,0.0184,1.8,LOW,avg_error_count,avg_session_count,industry,HealthTech,other,1922.62,0
A-7d514c,0.0081,0.8,LOW,avg_mrr,seats,industry,HealthTech,organic,2697.11,0
A-5c046d,0.007,0.7,LOW,avg_mrr,avg_usage_duration_min,avg_error_count,EdTech,partner,10485.75,0
A-42b791,0.0048,0.5,LOW,seats,avg_error_count,distinct_features_used,FinTech,event,2722.86,0
A-1986ca,0.0047,0.5,LOW,avg_mrr,avg_usage_duration_min,avg_error_count,HealthTech,ads,3951.57,0
A-4c56c9,0.9919,99.2,HIGH,avg_error_count,n_urgent_tickets,avg_mrr,FinTech,partner,2343.92,1
A-22d9d2,0.025,2.5,LOW,avg_error_count,n_urgent_tickets,avg_usage_duration_min,DevTools,event,1339.0,0
A-f44180,0.0059,0.6,LOW,industry,distinct_features_used,avg_mrr,Cybersecurity,event,2617.09,0
A-0be015,0.0167,1.7,LOW,distinct_features_used,industry,avg_mrr,FinTech,event,235.6,0
A-854864,0.0168,1.7,LOW,distinct_features_used,preceding_upgrade_flag,avg_session_count,FinTech,event,2459.83,0
A-a09355,0.3015,30.2,LOW,avg_error_count,avg_usage_duration_min,n_upgrades,FinTech,organic,2133.75,0
A-af0cd2,0.0078,0.8,LOW,preceding_downgrade_flag,industry,avg_error_count,Cybersecurity,other,587.27,0
A-02fac6,0.0048,0.5,LOW,avg_error_count,n_upgrades,seats,FinTech,event,2400.91,0
A-d3c88e,0.0059,0.6,LOW,seats,n_upgrades,avg_error_count,DevTools,event,2014.08,0
A-a8d89d,0.0201,2.0,LOW,avg_session_count,seats,avg_usage_duration_min,EdTech,ads,2443.33,0
A-e1462e,0.003,0.3,LOW,avg_error_count,avg_usage_duration_min,n_upgrades,FinTech,partner,1718.57,0
A-702032,0.0065,0.7,LOW,avg_usage_duration_min,n_upgrades,industry,HealthTech,ads,1423.33,0
A-a1b80b,0.016,1.6,LOW,avg_error_count,industry,distinct_features_used,HealthTech,organic,2161.81,0
A-b07b56,0.9927,99.3,HIGH,avg_error_count,avg_mrr,avg_usage_duration_min,DevTools,event,1132.27,1
A-3ce5b8,0.9968,99.7,HIGH,seats,avg_error_count,industry,FinTech,ads,1850.0,1
A-712426,0.0239,2.4,LOW,avg_mrr,industry,n_annual_subs,HealthTech,other,746.47,0
A-396e5f,0.0049,0.5,LOW,industry,seats,avg_error_count,Cybersecurity,other,1023.6,0
A-d922bf,0.9956,99.6,HIGH,seats,preceding_downgrade_flag,industry,HealthTech,ads,2444.86,1
A-5fe118,0.0056,0.6,LOW,avg_mrr,industry,avg_session_count,Cybersecurity,other,4458.0,0
A-bbe56f,0.001,0.1,LOW,distinct_features_used,avg_usage_duration_min,avg_mrr,HealthTech,ads,1205.0,0
A-17939a,0.0013,0.1,LOW,avg_usage_duration_min,avg_error_count,avg_mrr,HealthTech,organic,879.0,0
A-96215d,0.0077,0.8,LOW,distinct_features_used,avg_error_count,industry,FinTech,event,1718.67,0
A-410e86,0.0099,1.0,LOW,avg_error_count,distinct_features_used,n_upgrades,FinTech,organic,2280.0,0
A-139c3b,0.2713,27.1,LOW,avg_mrr,industry,seats,HealthTech,organic,1128.38,1
A-d5a319,0.9931,99.3,HIGH,avg_usage_duration_min,avg_error_count,n_upgrades,FinTech,other,3153.92,1
A-95b24a,0.99,99.0,HIGH,avg_error_count,avg_session_count,avg_mrr,FinTech,event,2275.82,1
A-52dd88,0.0086,0.9,LOW,avg_error_count,industry,n_upgrades,Cybersecurity,ads,1508.36,0
A-91e948,0.0442,4.4,LOW,satisfaction_no_response_rate,avg_mrr,avg_usage_duration_min,EdTech,partner,3127.71,0
