account_id,account_name,industry,referral_source,avg_mrr,risk_score,risk_level,churn_flag,top_risk_factor_1,top_risk_factor_2,top_risk_factor_3
A-13466a,Company_196,DevTools,event,2223.833333333333,86.7,Critico,True,Industria de risco (DevTools/FinTech),Canal de aquisicao (evento/ads),Faixa de MRR (mid-market)
A-72799b,Company_394,DevTools,event,1731.5,83.5,Critico,True,Industria de risco (DevTools/FinTech),Canal de aquisicao (evento/ads),Faixa de MRR (mid-market)
A-f17767,Company_123,DevTools,event,1152.7857142857142,81.4,Critico,True,Industria de risco (DevTools/FinTech),Canal de aquisicao (evento/ads),Faixa de MRR (mid-market)
A-f6b2fb,Company_418,DevTools,event,2335.9,80.0,Critico,False,Industria de risco (DevTools/FinTech),Canal de aquisicao (evento/ads),Faixa de MRR (mid-market)
A-22d9d2,Company_188,DevTools,event,1339.0,79.6,Critico,False,Industria de risco (DevTools/FinTech),Canal de aquisicao (evento/ads),Faixa de MRR (mid-market)
A-32fb14,Company_25,DevTools,event,1129.111111111111,77.2,Critico,True,Industria de risco (DevTools/FinTech),Canal de aquisicao (evento/ads),Faixa de MRR (mid-market)
A-e1b9cd,Company_484,DevTools,event,2469.4666666666667,77.0,Critico,True,Industria de risco (DevTools/FinTech),Canal de aquisicao (evento/ads),Faixa de MRR (mid-market)
A-ad64c6,Company_175,DevTools,event,2451.333333333333,76.7,Critico,False,Industria de risco (DevTools/FinTech),Canal de aquisicao (evento/ads),Faixa de MRR (mid-market)
A-3c1a3f,Company_224,DevTools,event,1242.4166666666667,76.7,Critico,False,Industria de risco (DevTools/FinTech),Canal de aquisicao (evento/ads),Faixa de MRR (mid-market)
A-df10db,Company_143,DevTools,other,1066.3636363636365,75.9,Critico,False,Industria de risco (DevTools/FinTech),Faixa de MRR (mid-market),Canal de aquisicao (evento/ads)
A-b07b56,Company_292,DevTools,event,1132.2666666666669,75.7,Critico,True,Industria de risco (DevTools/FinTech),Canal de aquisicao (evento/ads),Faixa de MRR (mid-market)
A-271f46,Company_84,DevTools,event,2450.5,75.0,Critico,True,Industria de risco (DevTools/FinTech),Canal de aquisicao (evento/ads),Faixa de MRR (mid-market)
A-1ac5e0,Company_126,DevTools,event,1824.9,75.0,Critico,True,Industria de risco (DevTools/FinTech),Canal de aquisicao (evento/ads),Faixa de MRR (mid-market)
A-d3c88e,Company_490,DevTools,event,2014.076923076923,75.0,Critico,False,Industria de risco (DevTools/FinTech),Canal de aquisicao (evento/ads),Faixa de MRR (mid-market)
A-f03140,Company_209,DevTools,event,2107.5,75.0,Critico,False,Industria de risco (DevTools/FinTech),Canal de aquisicao (evento/ads),Faixa de MRR (mid-market)
A-098560,Company_349,DevTools,ads,1120.5454545454545,74.7,Critico,True,Industria de risco (DevTools/FinTech),Faixa de MRR (mid-market),Canal de aquisicao (evento/ads)
A-51ec1b,Company_247,DevTools,ads,1847.8333333333333,74.6,Critico,False,Industria de risco (DevTools/FinTech),Faixa de MRR (mid-market),Canal de aquisicao (evento/ads)
A-832ec2,Company_19,FinTech,event,1162.375,73.8,Critico,False,Canal de aquisicao (evento/ads),Faixa de MRR (mid-market),Industria de risco (DevTools/FinTech)
A-ad3abd,Company_410,FinTech,event,2413.714285714286,73.0,Critico,False,Canal de aquisicao (evento/ads),Faixa de MRR (mid-market),Industria de risco (DevTools/FinTech)
A-92a333,Company_116,FinTech,event,1776.5,72.5,Critico,False,Canal de aquisicao (evento/ads),Faixa de MRR (mid-market),Industria de risco (DevTools/FinTech)
A-425e76,Company_110,DevTools,other,1555.5454545454545,71.4,Critico,True,Industria de risco (DevTools/FinTech),Faixa de MRR (mid-market),Canal de aquisicao (evento/ads)
A-bcf664,Company_248,DevTools,other,1056.0,71.3,Critico,False,Industria de risco (DevTools/FinTech),Faixa de MRR (mid-market),Canal de aquisicao (evento/ads)
A-bc87bc,Company_456,FinTech,event,1504.0,71.2,Critico,False,Canal de aquisicao (evento/ads),Faixa de MRR (mid-market),Industria de risco (DevTools/FinTech)
A-bcf87c,Company_288,FinTech,event,1979.090909090909,70.6,Critico,True,Canal de aquisicao (evento/ads),Faixa de MRR (mid-market),Industria de risco (DevTools/FinTech)
A-854864,Company_38,FinTech,event,2459.833333333333,70.4,Critico,False,Canal de aquisicao (evento/ads),Faixa de MRR (mid-market),Industria de risco (DevTools/FinTech)
A-089363,Company_387,FinTech,event,1507.428571428571,70.2,Critico,False,Canal de aquisicao (evento/ads),Faixa de MRR (mid-market),Industria de risco (DevTools/FinTech)
A-9bfc9f,Company_228,DevTools,ads,1704.6666666666667,69.9,Alto,False,Industria de risco (DevTools/FinTech),Faixa de MRR (mid-market),Canal de aquisicao (evento/ads)
A-798a3f,Company_463,DevTools,other,1572.4444444444443,69.7,Alto,True,Industria de risco (DevTools/FinTech),Faixa de MRR (mid-market),Canal de aquisicao (evento/ads)
A-f446b6,Company_36,DevTools,ads,1265.7777777777778,69.2,Alto,False,Industria de risco (DevTools/FinTech),Faixa de MRR (mid-market),Canal de aquisicao (evento/ads)
A-3b5cd1,Company_49,FinTech,event,1821.2307692307693,68.8,Alto,False,Canal de aquisicao (evento/ads),Faixa de MRR (mid-market),Industria de risco (DevTools/FinTech)
A-02fac6,Company_52,FinTech,event,2400.909090909091,68.8,Alto,False,Canal de aquisicao (evento/ads),Faixa de MRR (mid-market),Industria de risco (DevTools/FinTech)
A-96215d,Company_318,FinTech,event,1718.6666666666667,68.8,Alto,False,Canal de aquisicao (evento/ads),Faixa de MRR (mid-market),Industria de risco (DevTools/FinTech)
A-508199,Company_208,FinTech,event,1687.2,68.8,Alto,False,Canal de aquisicao (evento/ads),Faixa de MRR (mid-market),Industria de risco (DevTools/FinTech)
A-0532a9,Company_170,FinTech,event,1516.1,68.8,Alto,False,Canal de aquisicao (evento/ads),Faixa de MRR (mid-market),Industria de risco (DevTools/FinTech)
A-f97b9a,Company_159,FinTech,event,2166.6363636363635,68.8,Alto,False,Canal de aquisicao (evento/ads),Faixa de MRR (mid-market),Industria de risco (DevTools/FinTech)
A-659280,Company_417,FinTech,event,1787.5,68.8,Alto,True,Canal de aquisicao (evento/ads),Faixa de MRR (mid-market),Industria de risco (DevTools/FinTech)
A-cea1f0,Company_273,FinTech,event,1224.4,68.8,Alto,True,Canal de aquisicao (evento/ads),Faixa de MRR (mid-market),Industria de risco (DevTools/FinTech)
A-95b24a,Company_117,FinTech,event,2275.818181818182,68.8,Alto,True,Canal de aquisicao (evento/ads),Faixa de MRR (mid-market),Industria de risco (DevTools/FinTech)
A-a2485e,Company_467,FinTech,event,1462.5,68.8,Alto,False,Canal de aquisicao (evento/ads),Faixa de MRR (mid-market),Industria de risco (DevTools/FinTech)
A-b7b7b7,Company_338,FinTech,event,2379.833333333333,68.8,Alto,True,Canal de aquisicao (evento/ads),Faixa de MRR (mid-market),Industria de risco (DevTools/FinTech)
A-5a184f,Company_124,DevTools,other,2068.3,68.5,Alto,True,Industria de risco (DevTools/FinTech),Faixa de MRR (mid-market),Canal de aquisicao (evento/ads)
A-5a3eb9,Company_283,DevTools,other,1561.0,68.3,Alto,False,Industria de risco (DevTools/FinTech),Faixa de MRR (mid-market),Canal de aquisicao (evento/ads)
A-ccb686,Company_491,DevTools,other,1795.0833333333333,68.3,Alto,False,Industria de risco (DevTools/FinTech),Faixa de MRR (mid-market),Canal de aquisicao (evento/ads)
A-de24d5,Company_231,DevTools,other,1640.5384615384614,68.3,Alto,False,Industria de risco (DevTools/FinTech),Faixa de MRR (mid-market),Canal de aquisicao (evento/ads)
A-3be56b,Company_200,HealthTech,event,1420.0,67.9,Alto,True,Canal de aquisicao (evento/ads),Faixa de MRR (mid-market),Industria de risco (DevTools/FinTech)
A-42e5e1,Company_118,DevTools,ads,1273.7142857142858,67.7,Alto,True,Industria de risco (DevTools/FinTech),Faixa de MRR (mid-market),Canal de aquisicao (evento/ads)
A-cc8c8f,Company_482,DevTools,ads,2228.5714285714284,67.7,Alto,False,Industria de risco (DevTools/FinTech),Faixa de MRR (mid-market),Canal de aquisicao (evento/ads)
A-5f7781,Company_483,DevTools,other,2050.4,67.5,Alto,False,Industria de risco (DevTools/FinTech),Faixa de MRR (mid-market),Canal de aquisicao (evento/ads)
A-19b2c8,Company_476,DevTools,other,2054.076923076923,67.5,Alto,False,Industria de risco (DevTools/FinTech),Faixa de MRR (mid-market),Canal de aquisicao (evento/ads)
A-ac9111,Company_487,HealthTech,event,1664.125,67.5,Alto,False,Canal de aquisicao (evento/ads),Faixa de MRR (mid-market),Industria de risco (DevTools/FinTech)
A-544d0a,Company_153,DevTools,organic,1849.2,67.5,Alto,False,Industria de risco (DevTools/FinTech),Faixa de MRR (mid-market),Taxa de escalacao alta
A-c608c8,Company_199,DevTools,ads,1189.25,67.5,Alto,True,Industria de risco (DevTools/FinTech),Faixa de MRR (mid-market),Canal de aquisicao (evento/ads)
A-157070,Company_85,FinTech,ads,1719.125,67.5,Alto,False,Faixa de MRR (mid-market),Industria de risco (DevTools/FinTech),Canal de aquisicao (evento/ads)
A-4d1e75,Company_58,DevTools,other,2414.6153846153848,67.5,Alto,False,Industria de risco (DevTools/FinTech),Faixa de MRR (mid-market),Canal de aquisicao (evento/ads)
A-cbd1a3,Company_325,DevTools,other,1635.1,67.5,Alto,True,Industria de risco (DevTools/FinTech),Faixa de MRR (mid-market),Canal de aquisicao (evento/ads)
A-310452,Company_321,DevTools,other,2200.6,67.5,Alto,False,Industria de risco (DevTools/FinTech),Faixa de MRR (mid-market),Canal de aquisicao (evento/ads)
A-e2cd1b,Company_121,DevTools,other,1394.2222222222222,67.5,Alto,False,Industria de risco (DevTools/FinTech),Faixa de MRR (mid-market),Canal de aquisicao (evento/ads)
A-c16b88,Company_431,HealthTech,event,2259.777777777778,67.4,Alto,False,Canal de aquisicao (evento/ads),Faixa de MRR (mid-market),Industria de risco (DevTools/FinTech)
A-cc98bc,Company_469,DevTools,ads,2156.7,67.2,Alto,False,Industria de risco (DevTools/FinTech),Faixa de MRR (mid-market),Canal de aquisicao (evento/ads)
A-2edab2,Company_301,HealthTech,event,1139.0,67.2,Alto,False,Canal de aquisicao (evento/ads),Faixa de MRR (mid-market),Industria de risco (DevTools/FinTech)
A-2bc93d,Company_43,HealthTech,event,2491.846153846154,67.0,Alto,False,Canal de aquisicao (evento/ads),Faixa de MRR (mid-market),Industria de risco (DevTools/FinTech)
A-cb5333,Company_370,DevTools,ads,1641.0,66.9,Alto,False,Industria de risco (DevTools/FinTech),Faixa de MRR (mid-market),Canal de aquisicao (evento/ads)
A-d4ac0e,Company_364,DevTools,ads,1450.3684210526317,66.8,Alto,False,Industria de risco (DevTools/FinTech),Faixa de MRR (mid-market),Canal de aquisicao (evento/ads)
A-ad296b,Company_112,DevTools,event,3071.6666666666665,66.7,Alto,False,Industria de risco (DevTools/FinTech),Canal de aquisicao (evento/ads),Faixa de MRR (mid-market)
A-7f4db3,Company_441,FinTech,other,1751.7333333333331,66.2,Alto,False,Faixa de MRR (mid-market),Industria de risco (DevTools/FinTech),Canal de aquisicao (evento/ads)
A-32728c,Company_54,DevTools,event,562.25,66.2,Alto,True,Industria de risco (DevTools/FinTech),Canal de aquisicao (evento/ads),Faixa de MRR (mid-market)
A-ae052e,Company_132,FinTech,other,1282.1666666666667,66.2,Alto,False,Faixa de MRR (mid-market),Industria de risco (DevTools/FinTech),Canal de aquisicao (evento/ads)
A-e6afc1,Company_346,DevTools,ads,2052.909090909091,66.2,Alto,False,Industria de risco (DevTools/FinTech),Faixa de MRR (mid-market),Canal de aquisicao (evento/ads)
A-dcc3f1,Company_314,HealthTech,event,1593.375,66.2,Alto,False,Canal de aquisicao (evento/ads),Faixa de MRR (mid-market),Industria de risco (DevTools/FinTech)
A-019782,Company_142,DevTools,event,928.1111111111112,66.1,Alto,False,Industria de risco (DevTools/FinTech),Canal de aquisicao (evento/ads),Faixa de MRR (mid-market)
A-0e966d,Company_493,FinTech,ads,1131.3636363636365,65.9,Alto,True,Faixa de MRR (mid-market),Industria de risco (DevTools/FinTech),Canal de aquisicao (evento/ads)
A-7df7a7,Company_125,DevTools,organic,1943.6666666666667,65.7,Alto,True,Industria de risco (DevTools/FinTech),Faixa de MRR (mid-market),Canal de aquisicao (evento/ads)
A-94c3cd,Company_351,FinTech,other,1506.0,65.0,Alto,False,Faixa de MRR (mid-market),Industria de risco (DevTools/FinTech),Canal de aquisicao (evento/ads)
A-49b828,Company_391,FinTech,ads,2222.0,65.0,Alto,False,Faixa de MRR (mid-market),Industria de risco (DevTools/FinTech),Canal de aquisicao (evento/ads)
A-b54c01,Company_354,DevTools,event,848.25,65.0,Alto,False,Industria de risco (DevTools/FinTech),Canal de aquisicao (evento/ads),Faixa de MRR (mid-market)
A-02cd81,Company_76,HealthTech,other,2354.0,64.5,Alto,False,Faixa de MRR (mid-market),Canal de aquisicao (evento/ads),Industria de risco (DevTools/FinTech)
A-cdf020,Company_345,DevTools,organic,2259.0,63.8,Alto,False,Industria de risco (DevTools/FinTech),Faixa de MRR (mid-market),Canal de aquisicao (evento/ads)
A-600734,Company_327,DevTools,organic,1394.7692307692307,63.7,Alto,True,Industria de risco (DevTools/FinTech),Faixa de MRR (mid-market),Canal de aquisicao (evento/ads)
A-58b9ff,Company_425,DevTools,partner,1741.6923076923076,63.3,Alto,False,Industria de risco (DevTools/FinTech),Faixa de MRR (mid-market),Taxa de escalacao alta
A-0f6450,Company_400,FinTech,other,2163.6363636363635,63.1,Alto,True,Faixa de MRR (mid-market),Industria de risco (DevTools/FinTech),Canal de aquisicao (evento/ads)
A-69fad4,Company_103,FinTech,ads,1245.857142857143,62.9,Alto,True,Faixa de MRR (mid-market),Industria de risco (DevTools/FinTech),Canal de aquisicao (evento/ads)
A-6c093d,Company_12,DevTools,partner,1353.5,62.5,Alto,False,Industria de risco (DevTools/FinTech),Faixa de MRR (mid-market),Taxa de escalacao alta
A-427b69,Company_453,FinTech,other,1995.8,62.2,Alto,False,Faixa de MRR (mid-market),Industria de risco (DevTools/FinTech),Canal de aquisicao (evento/ads)
A-6dee43,Company_478,FinTech,other,2070.0,62.2,Alto,False,Faixa de MRR (mid-market),Industria de risco (DevTools/FinTech),Canal de aquisicao (evento/ads)
A-180abf,Company_122,DevTools,event,4145.777777777777,62.2,Alto,True,Industria de risco (DevTools/FinTech),Canal de aquisicao (evento/ads),Faixa de MRR (mid-market)
A-0a282f,Company_2,DevTools,organic,1219.0666666666666,62.0,Alto,False,Industria de risco (DevTools/FinTech),Faixa de MRR (mid-market),Canal de aquisicao (evento/ads)
A-f3ff05,Company_44,FinTech,other,1497.3076923076924,62.0,Alto,False,Faixa de MRR (mid-market),Industria de risco (DevTools/FinTech),Canal de aquisicao (evento/ads)
A-4437e4,Company_192,Cybersecurity,event,1114.4375,61.9,Alto,False,Canal de aquisicao (evento/ads),Faixa de MRR (mid-market),Taxa de escalacao alta
A-bd4513,Company_205,DevTools,event,4350.333333333333,61.7,Alto,False,Industria de risco (DevTools/FinTech),Canal de aquisicao (evento/ads),Faixa de MRR (mid-market)
A-331424,Company_246,DevTools,organic,1129.3333333333333,61.7,Alto,False,Industria de risco (DevTools/FinTech),Faixa de MRR (mid-market),Canal de aquisicao (evento/ads)
A-c37cab,Company_278,Cybersecurity,event,2452.75,61.7,Alto,False,Canal de aquisicao (evento/ads),Faixa de MRR (mid-market),Industria de risco (DevTools/FinTech)
A-ccc747,Company_339,HealthTech,event,802.0,61.7,Alto,True,Canal de aquisicao (evento/ads),Industria de risco (DevTools/FinTech),Faixa de MRR (mid-market)
A-45ce7a,Company_31,FinTech,ads,1173.7142857142858,61.4,Alto,False,Faixa de MRR (mid-market),Industria de risco (DevTools/FinTech),Canal de aquisicao (evento/ads)
A-a1bbb6,Company_74,DevTools,organic,1800.25,61.2,Alto,False,Industria de risco (DevTools/FinTech),Faixa de MRR (mid-market),Canal de aquisicao (evento/ads)
A-4e631b,Company_298,FinTech,other,2218.0,61.2,Alto,False,Faixa de MRR (mid-market),Industria de risco (DevTools/FinTech),Canal de aquisicao (evento/ads)
A-c4ea60,Company_18,FinTech,other,1627.3333333333333,61.2,Alto,True,Faixa de MRR (mid-market),Industria de risco (DevTools/FinTech),Canal de aquisicao (evento/ads)
A-4e960a,Company_277,FinTech,other,1995.1666666666667,61.2,Alto,True,Faixa de MRR (mid-market),Industria de risco (DevTools/FinTech),Canal de aquisicao (evento/ads)
A-43a9e3,Company_1,FinTech,other,1250.5,61.2,Alto,True,Faixa de MRR (mid-market),Industria de risco (DevTools/FinTech),Canal de aquisicao (evento/ads)
A-d5a319,Company_158,FinTech,other,3153.9166666666665,61.2,Alto,True,Taxa de escalacao alta,Industria de risco (DevTools/FinTech),Canal de aquisicao (evento/ads)
A-756192,Company_390,FinTech,other,2140.0,61.2,Alto,False,Faixa de MRR (mid-market),Industria de risco (DevTools/FinTech),Canal de aquisicao (evento/ads)
A-503d5a,Company_99,FinTech,other,1490.3333333333333,61.2,Alto,True,Faixa de MRR (mid-market),Industria de risco (DevTools/FinTech),Canal de aquisicao (evento/ads)
A-d42431,Company_378,FinTech,ads,2351.111111111112,61.1,Alto,False,Faixa de MRR (mid-market),Industria de risco (DevTools/FinTech),Canal de aquisicao (evento/ads)
A-8bde0c,Company_287,DevTools,organic,1899.888888888889,61.1,Alto,False,Industria de risco (DevTools/FinTech),Faixa de MRR (mid-market),Canal de aquisicao (evento/ads)
A-d26ab4,Company_497,DevTools,organic,1845.888888888889,61.1,Alto,True,Industria de risco (DevTools/FinTech),Faixa de MRR (mid-market),Canal de aquisicao (evento/ads)
A-d922bf,Company_221,HealthTech,ads,2444.8571428571427,61.1,Alto,True,Faixa de MRR (mid-market),Industria de risco (DevTools/FinTech),Canal de aquisicao (evento/ads)
A-533452,Company_279,DevTools,organic,1878.5454545454545,60.9,Alto,False,Industria de risco (DevTools/FinTech),Faixa de MRR (mid-market),Canal de aquisicao (evento/ads)
A-4a4c2d,Company_473,DevTools,event,2612.769230769231,60.8,Alto,False,Industria de risco (DevTools/FinTech),Canal de aquisicao (evento/ads),Faixa de MRR (mid-market)
A-702032,Company_186,HealthTech,ads,1423.3333333333333,60.8,Alto,False,Faixa de MRR (mid-market),Industria de risco (DevTools/FinTech),Canal de aquisicao (evento/ads)
A-cab532,Company_218,DevTools,organic,1339.2,60.7,Alto,False,Industria de risco (DevTools/FinTech),Faixa de MRR (mid-market),Canal de aquisicao (evento/ads)
A-d792a6,Company_486,DevTools,organic,1536.6,60.7,Alto,False,Industria de risco (DevTools/FinTech),Faixa de MRR (mid-market),Canal de aquisicao (evento/ads)
A-3d957b,Company_311,HealthTech,other,1975.3333333333333,60.4,Alto,False,Faixa de MRR (mid-market),Canal de aquisicao (evento/ads),Industria de risco (DevTools/FinTech)
A-0be015,Company_454,FinTech,event,235.6,60.4,Alto,False,Canal de aquisicao (evento/ads),Industria de risco (DevTools/FinTech),Faixa de MRR (mid-market)
A-812c5b,Company_395,DevTools,organic,2298.769230769231,60.0,Alto,True,Industria de risco (DevTools/FinTech),Faixa de MRR (mid-market),Canal de aquisicao (evento/ads)
A-6965e1,Company_379,DevTools,organic,2313.75,60.0,Alto,False,Industria de risco (DevTools/FinTech),Faixa de MRR (mid-market),Canal de aquisicao (evento/ads)
A-970c97,Company_477,HealthTech,other,1922.625,60.0,Alto,False,Faixa de MRR (mid-market),Canal de aquisicao (evento/ads),Industria de risco (DevTools/FinTech)
A-b2225d,Company_50,FinTech,ads,1590.6666666666667,60.0,Alto,True,Faixa de MRR (mid-market),Industria de risco (DevTools/FinTech),Canal de aquisicao (evento/ads)
A-b78bf8,Company_148,DevTools,event,2802.875,60.0,Alto,False,Industria de risco (DevTools/FinTech),Canal de aquisicao (evento/ads),Faixa de MRR (mid-market)
A-149a69,Company_302,DevTools,event,2686.0,60.0,Alto,False,Industria de risco (DevTools/FinTech),Canal de aquisicao (evento/ads),Faixa de MRR (mid-market)
A-3ce5b8,Company_256,FinTech,ads,1850.0,60.0,Alto,True,Faixa de MRR (mid-market),Industria de risco (DevTools/FinTech),Canal de aquisicao (evento/ads)
A-f92792,Company_67,FinTech,ads,1343.357142857143,60.0,Alto,False,Faixa de MRR (mid-market),Industria de risco (DevTools/FinTech),Canal de aquisicao (evento/ads)
A-ba6516,Company_154,FinTech,ads,2183.0,60.0,Alto,False,Faixa de MRR (mid-market),Industria de risco (DevTools/FinTech),Canal de aquisicao (evento/ads)
A-354f12,Company_201,FinTech,ads,2222.25,60.0,Alto,False,Faixa de MRR (mid-market),Industria de risco (DevTools/FinTech),Canal de aquisicao (evento/ads)
A-3932db,Company_144,HealthTech,other,1565.2222222222222,59.9,Alto,True,Faixa de MRR (mid-market),Canal de aquisicao (evento/ads),Industria de risco (DevTools/FinTech)
A-9ee962,Company_59,HealthTech,ads,1046.6666666666667,59.7,Alto,True,Faixa de MRR (mid-market),Industria de risco (DevTools/FinTech),Canal de aquisicao (evento/ads)
A-b11cd0,Company_439,DevTools,ads,801.0,59.6,Alto,True,Industria de risco (DevTools/FinTech),Canal de aquisicao (evento/ads),Faixa de MRR (mid-market)
A-94d3da,Company_61,HealthTech,other,1889.4166666666667,59.6,Alto,False,Faixa de MRR (mid-market),Canal de aquisicao (evento/ads),Industria de risco (DevTools/FinTech)
A-9c18c4,Company_481,HealthTech,ads,1782.3,59.5,Alto,True,Faixa de MRR (mid-market),Industria de risco (DevTools/FinTech),Canal de aquisicao (evento/ads)
A-fe79a5,Company_81,HealthTech,ads,1353.2,59.5,Alto,False,Faixa de MRR (mid-market),Industria de risco (DevTools/FinTech),Canal de aquisicao (evento/ads)
A-94f8c9,Company_51,HealthTech,other,1999.3125,59.4,Alto,False,Faixa de MRR (mid-market),Canal de aquisicao (evento/ads),Industria de risco (DevTools/FinTech)
A-ced9aa,Company_310,DevTools,other,568.3636363636364,59.3,Alto,False,Industria de risco (DevTools/FinTech),Canal de aquisicao (evento/ads),Faixa de MRR (mid-market)
A-5790f4,Company_446,FinTech,event,3154.333333333333,59.2,Alto,False,Canal de aquisicao (evento/ads),Industria de risco (DevTools/FinTech),Faixa de MRR (mid-market)
A-7f29a7,Company_386,Cybersecurity,event,1714.5454545454545,59.0,Alto,False,Canal de aquisicao (evento/ads),Faixa de MRR (mid-market),Historico de churn
A-8adedc,Company_300,EdTech,event,2023.428571428572,58.9,Alto,True,Canal de aquisicao (evento/ads),Faixa de MRR (mid-market),Industria de risco (DevTools/FinTech)
A-558c72,Company_438,FinTech,organic,1310.142857142857,58.9,Alto,False,Faixa de MRR (mid-market),Industria de risco (DevTools/FinTech),Canal de aquisicao (evento/ads)
A-1f0ac7,Company_3,HealthTech,other,1325.0,58.8,Alto,False,Faixa de MRR (mid-market),Canal de aquisicao (evento/ads),Industria de risco (DevTools/FinTech)
A-9f2731,Company_24,FinTech,event,516.1428571428571,58.8,Alto,False,Canal de aquisicao (evento/ads),Industria de risco (DevTools/FinTech),Faixa de MRR (mid-market)
A-b20d99,Company_29,HealthTech,other,1581.2857142857142,58.8,Alto,False,Faixa de MRR (mid-market),Canal de aquisicao (evento/ads),Industria de risco (DevTools/FinTech)
A-6e7827,Company_372,DevTools,other,927.1111111111112,58.6,Alto,False,Industria de risco (DevTools/FinTech),Canal de aquisicao (evento/ads),Faixa de MRR (mid-market)
A-c16cf7,Company_377,EdTech,event,1227.4,58.5,Alto,False,Canal de aquisicao (evento/ads),Faixa de MRR (mid-market),Industria de risco (DevTools/FinTech)
A-a45270,Company_37,HealthTech,ads,1677.5833333333333,58.3,Alto,False,Faixa de MRR (mid-market),Industria de risco (DevTools/FinTech),Canal de aquisicao (evento/ads)
A-9289f6,Company_104,EdTech,event,1091.3333333333333,58.3,Alto,False,Canal de aquisicao (evento/ads),Faixa de MRR (mid-market),Industria de risco (DevTools/FinTech)
A-186a44,Company_101,HealthTech,ads,1499.2142857142858,58.2,Alto,False,Faixa de MRR (mid-market),Industria de risco (DevTools/FinTech),Canal de aquisicao (evento/ads)
A-08e34e,Company_32,EdTech,event,1983.7272727272727,57.5,Alto,True,Canal de aquisicao (evento/ads),Faixa de MRR (mid-market),Industria de risco (DevTools/FinTech)
A-075038,Company_397,HealthTech,ads,1350.642857142857,57.5,Alto,False,Faixa de MRR (mid-market),Industria de risco (DevTools/FinTech),Canal de aquisicao (evento/ads)
A-038089,Company_156,DevTools,other,701.3333333333334,57.5,Alto,True,Industria de risco (DevTools/FinTech),Canal de aquisicao (evento/ads),Faixa de MRR (mid-market)
A-034368,Company_353,EdTech,event,2238.8,57.5,Alto,False,Canal de aquisicao (evento/ads),Faixa de MRR (mid-market),Industria de risco (DevTools/FinTech)
A-bbe56f,Company_406,HealthTech,ads,1205.0,57.5,Alto,False,Faixa de MRR (mid-market),Industria de risco (DevTools/FinTech),Canal de aquisicao (evento/ads)
A-e83938,Company_111,DevTools,other,937.875,57.5,Alto,True,Industria de risco (DevTools/FinTech),Canal de aquisicao (evento/ads),Faixa de MRR (mid-market)
A-7c4956,Company_254,DevTools,ads,426.125,57.5,Alto,True,Industria de risco (DevTools/FinTech),Canal de aquisicao (evento/ads),Faixa de MRR (mid-market)
A-bb3bd4,Company_340,HealthTech,ads,1064.571428571429,57.5,Alto,False,Faixa de MRR (mid-market),Industria de risco (DevTools/FinTech),Canal de aquisicao (evento/ads)
A-6843f2,Company_335,HealthTech,ads,1835.555555555556,57.5,Alto,False,Faixa de MRR (mid-market),Industria de risco (DevTools/FinTech),Canal de aquisicao (evento/ads)
A-ce66f8,Company_17,EdTech,event,1976.3333333333333,57.5,Alto,False,Canal de aquisicao (evento/ads),Faixa de MRR (mid-market),Industria de risco (DevTools/FinTech)
A-40de06,Company_369,Cybersecurity,event,1803.875,57.5,Alto,True,Canal de aquisicao (evento/ads),Faixa de MRR (mid-market),Industria de risco (DevTools/FinTech)
A-86fc1d,Company_328,DevTools,partner,1686.7777777777778,57.2,Alto,False,Industria de risco (DevTools/FinTech),Faixa de MRR (mid-market),Historico de churn
A-b30291,Company_344,HealthTech,event,537.5,57.2,Alto,True,Canal de aquisicao (evento/ads),Industria de risco (DevTools/FinTech),Faixa de MRR (mid-market)
A-53f4e3,Company_194,Cybersecurity,event,1507.2,57.2,Alto,False,Canal de aquisicao (evento/ads),Faixa de MRR (mid-market),Industria de risco (DevTools/FinTech)
A-54d94a,Company_385,Cybersecurity,event,1141.5454545454545,57.2,Alto,False,Canal de aquisicao (evento/ads),Faixa de MRR (mid-market),Industria de risco (DevTools/FinTech)
A-e7a1e2,Company_295,Cybersecurity,event,1670.1666666666667,57.1,Alto,False,Canal de aquisicao (evento/ads),Faixa de MRR (mid-market),Industria de risco (DevTools/FinTech)
A-05d3b3,Company_213,DevTools,ads,970.0,57.0,Alto,False,Industria de risco (DevTools/FinTech),Canal de aquisicao (evento/ads),Faixa de MRR (mid-market)
A-c1e51e,Company_173,FinTech,organic,2390.5,56.8,Alto,False,Faixa de MRR (mid-market),Industria de risco (DevTools/FinTech),Canal de aquisicao (evento/ads)
A-10b8da,Company_9,DevTools,partner,1464.5,56.7,Alto,True,Industria de risco (DevTools/FinTech),Faixa de MRR (mid-market),Canal de aquisicao (evento/ads)
A-410e86,Company_210,FinTech,organic,2280.0,56.6,Alto,False,Faixa de MRR (mid-market),Industria de risco (DevTools/FinTech),Canal de aquisicao (evento/ads)
A-96e141,Company_134,DevTools,partner,2209.714285714286,56.4,Alto,False,Industria de risco (DevTools/FinTech),Faixa de MRR (mid-market),Canal de aquisicao (evento/ads)
A-8ae3fc,Company_495,DevTools,ads,555.875,56.2,Alto,False,Industria de risco (DevTools/FinTech),Canal de aquisicao (evento/ads),Faixa de MRR (mid-market)
A-7dacce,Company_8,Cybersecurity,event,2305.7,56.2,Alto,True,Canal de aquisicao (evento/ads),Faixa de MRR (mid-market),Industria de risco (DevTools/FinTech)
A-db5e9e,Company_442,DevTools,partner,1156.375,56.2,Alto,False,Industria de risco (DevTools/FinTech),Faixa de MRR (mid-market),Canal de aquisicao (evento/ads)
A-7a0d69,Company_187,DevTools,ads,942.0,56.2,Alto,True,Industria de risco (DevTools/FinTech),Canal de aquisicao (evento/ads),Faixa de MRR (mid-market)
A-87aa7b,Company_433,HealthTech,organic,1430.0625,56.2,Alto,False,Faixa de MRR (mid-market),Industria de risco (DevTools/FinTech),Canal de aquisicao (evento/ads)
A-c43359,Company_83,FinTech,organic,1539.0,56.2,Alto,False,Faixa de MRR (mid-market),Industria de risco (DevTools/FinTech),Canal de aquisicao (evento/ads)
A-6e08f3,Company_220,Cybersecurity,event,1819.0,56.2,Alto,False,Canal de aquisicao (evento/ads),Faixa de MRR (mid-market),Industria de risco (DevTools/FinTech)
A-249769,Company_214,Cybersecurity,event,1209.0,56.2,Alto,True,Canal de aquisicao (evento/ads),Faixa de MRR (mid-market),Industria de risco (DevTools/FinTech)
A-22f2df,Company_106,DevTools,ads,827.8888888888889,56.2,Alto,False,Industria de risco (DevTools/FinTech),Canal de aquisicao (evento/ads),Faixa de MRR (mid-market)
A-d49cc5,Company_275,Cybersecurity,event,1665.625,56.2,Alto,False,Canal de aquisicao (evento/ads),Faixa de MRR (mid-market),Industria de risco (DevTools/FinTech)
A-726cfa,Company_82,DevTools,partner,1830.6315789473683,56.1,Alto,False,Industria de risco (DevTools/FinTech),Faixa de MRR (mid-market),Canal de aquisicao (evento/ads)
A-f9cc74,Company_360,DevTools,partner,1555.7,56.0,Alto,False,Industria de risco (DevTools/FinTech),Faixa de MRR (mid-market),Canal de aquisicao (evento/ads)
A-e89151,Company_234,FinTech,organic,2414.8888888888887,56.0,Alto,True,Faixa de MRR (mid-market),Industria de risco (DevTools/FinTech),Canal de aquisicao (evento/ads)
A-684255,Company_20,FinTech,ads,846.0,55.9,Alto,False,Industria de risco (DevTools/FinTech),Canal de aquisicao (evento/ads),Faixa de MRR (mid-market)
A-117171,Company_135,HealthTech,organic,2403.0,55.8,Alto,True,Faixa de MRR (mid-market),Industria de risco (DevTools/FinTech),Canal de aquisicao (evento/ads)
A-6da850,Company_293,FinTech,organic,1159.9375,55.6,Alto,False,Faixa de MRR (mid-market),Industria de risco (DevTools/FinTech),Canal de aquisicao (evento/ads)
A-e693b6,Company_240,FinTech,event,2846.25,55.4,Alto,True,Canal de aquisicao (evento/ads),Industria de risco (DevTools/FinTech),Faixa de MRR (mid-market)
A-439b2f,Company_152,DevTools,ads,299.3333333333333,55.4,Alto,True,Industria de risco (DevTools/FinTech),Canal de aquisicao (evento/ads),Faixa de MRR (mid-market)
A-3b37d9,Company_384,FinTech,event,2776.428571428572,55.2,Alto,False,Canal de aquisicao (evento/ads),Industria de risco (DevTools/FinTech),Faixa de MRR (mid-market)
A-42b791,Company_464,FinTech,event,2722.8571428571427,55.2,Alto,False,Canal de aquisicao (evento/ads),Industria de risco (DevTools/FinTech),Faixa de MRR (mid-market)
A-296d7c,Company_182,DevTools,other,284.1428571428572,55.0,Alto,False,Industria de risco (DevTools/FinTech),Canal de aquisicao (evento/ads),Faixa de MRR (mid-market)
A-524364,Company_388,DevTools,partner,1592.0,55.0,Alto,False,Industria de risco (DevTools/FinTech),Faixa de MRR (mid-market),Canal de aquisicao (evento/ads)
A-dfbd31,Company_190,DevTools,partner,1791.357142857143,55.0,Alto,False,Industria de risco (DevTools/FinTech),Faixa de MRR (mid-market),Canal de aquisicao (evento/ads)
A-eafc6e,Company_149,DevTools,partner,2318.428571428572,55.0,Alto,True,Industria de risco (DevTools/FinTech),Faixa de MRR (mid-market),Canal de aquisicao (evento/ads)
A-a0ca4e,Company_6,Cybersecurity,ads,1848.111111111111,55.0,Alto,False,Faixa de MRR (mid-market),Canal de aquisicao (evento/ads),Taxa de escalacao alta
A-5ed98d,Company_479,DevTools,partner,1934.75,55.0,Alto,False,Industria de risco (DevTools/FinTech),Faixa de MRR (mid-market),Canal de aquisicao (evento/ads)
A-4f18f0,Company_145,DevTools,other,2522.0,55.0,Alto,False,Industria de risco (DevTools/FinTech),Canal de aquisicao (evento/ads),Faixa de MRR (mid-market)
A-8b0451,Company_245,FinTech,event,3170.9,54.8,Alto,False,Canal de aquisicao (evento/ads),Industria de risco (DevTools/FinTech),Faixa de MRR (mid-market)
A-a09355,Company_459,FinTech,organic,2133.75,54.4,Alto,False,Faixa de MRR (mid-market),Industria de risco (DevTools/FinTech),Canal de aquisicao (evento/ads)
A-dcc2f0,Company_309,FinTech,organic,1166.2,54.4,Alto,False,Faixa de MRR (mid-market),Industria de risco (DevTools/FinTech),Canal de aquisicao (evento/ads)
A-3f9cc0,Company_359,HealthTech,event,2848.5714285714284,54.2,Alto,False,Canal de aquisicao (evento/ads),Industria de risco (DevTools/FinTech),Faixa de MRR (mid-market)
A-fabe19,Company_97,DevTools,ads,2928.1428571428573,54.1,Alto,False,Industria de risco (DevTools/FinTech),Canal de aquisicao (evento/ads),Faixa de MRR (mid-market)
A-7c6b6b,Company_223,FinTech,other,688.2857142857143,54.1,Alto,False,Industria de risco (DevTools/FinTech),Canal de aquisicao (evento/ads),Faixa de MRR (mid-market)
A-c16101,Company_139,EdTech,other,1242.2,53.8,Alto,False,Faixa de MRR (mid-market),Canal de aquisicao (evento/ads),Industria de risco (DevTools/FinTech)
A-751c58,Company_393,FinTech,organic,1781.5454545454545,53.8,Alto,False,Faixa de MRR (mid-market),Industria de risco (DevTools/FinTech),Canal de aquisicao (evento/ads)
A-4c6f11,Company_146,FinTech,organic,1517.2,53.8,Alto,True,Faixa de MRR (mid-market),Industria de risco (DevTools/FinTech),Canal de aquisicao (evento/ads)
A-cb6cc6,Company_419,DevTools,ads,374.57142857142856,53.8,Alto,False,Industria de risco (DevTools/FinTech),Canal de aquisicao (evento/ads),Faixa de MRR (mid-market)
A-2d4502,Company_45,FinTech,event,2907.1,53.8,Alto,False,Canal de aquisicao (evento/ads),Industria de risco (DevTools/FinTech),Faixa de MRR (mid-market)
A-bad8c1,Company_34,FinTech,organic,1113.857142857143,53.8,Alto,False,Faixa de MRR (mid-market),Industria de risco (DevTools/FinTech),Canal de aquisicao (evento/ads)
A-31ab9a,Company_460,FinTech,organic,2257.428571428572,53.8,Alto,False,Faixa de MRR (mid-market),Industria de risco (DevTools/FinTech),Canal de aquisicao (evento/ads)
A-55f257,Company_496,FinTech,organic,1213.7,53.8,Alto,False,Faixa de MRR (mid-market),Industria de risco (DevTools/FinTech),Canal de aquisicao (evento/ads)
A-aa9511,Company_203,DevTools,other,4064.6666666666665,53.8,Alto,False,Industria de risco (DevTools/FinTech),Canal de aquisicao (evento/ads),Faixa de MRR (mid-market)
A-139c3b,Company_185,HealthTech,organic,1128.375,53.8,Alto,True,Faixa de MRR (mid-market),Industria de risco (DevTools/FinTech),Canal de aquisicao (evento/ads)
A-7c5768,Company_407,HealthTech,event,376.55555555555554,53.8,Alto,False,Canal de aquisicao (evento/ads),Industria de risco (DevTools/FinTech),Faixa de MRR (mid-market)
A-d82ef9,Company_355,EdTech,other,1023.3571428571428,53.7,Alto,True,Faixa de MRR (mid-market),Canal de aquisicao (evento/ads),Industria de risco (DevTools/FinTech)
A-e888d1,Company_102,Cybersecurity,other,1240.5454545454545,53.6,Alto,False,Faixa de MRR (mid-market),Canal de aquisicao (evento/ads),Industria de risco (DevTools/FinTech)
A-ff79f2,Company_165,DevTools,ads,3097.0,53.5,Alto,True,Industria de risco (DevTools/FinTech),Canal de aquisicao (evento/ads),Faixa de MRR (mid-market)
A-309e54,Company_371,DevTools,other,2595.3636363636365,53.4,Alto,False,Industria de risco (DevTools/FinTech),Canal de aquisicao (evento/ads),Faixa de MRR (mid-market)
A-f19409,Company_105,DevTools,other,2844.6666666666665,53.3,Alto,True,Industria de risco (DevTools/FinTech),Canal de aquisicao (evento/ads),Faixa de MRR (mid-market)
A-ccabf0,Company_471,HealthTech,organic,2237.9,53.2,Alto,False,Faixa de MRR (mid-market),Industria de risco (DevTools/FinTech),Canal de aquisicao (evento/ads)
A-1f559b,Company_357,HealthTech,organic,1175.6,53.2,Alto,True,Faixa de MRR (mid-market),Industria de risco (DevTools/FinTech),Canal de aquisicao (evento/ads)
A-cd458b,Company_430,DevTools,other,2886.0666666666666,53.2,Alto,False,Industria de risco (DevTools/FinTech),Canal de aquisicao (evento/ads),Faixa de MRR (mid-market)
A-ce550d,Company_4,HealthTech,event,5417.888888888889,53.1,Alto,True,Canal de aquisicao (evento/ads),Industria de risco (DevTools/FinTech),Faixa de MRR (mid-market)
A-39b19f,Company_176,FinTech,partner,1930.636363636364,53.1,Alto,False,Faixa de MRR (mid-market),Industria de risco (DevTools/FinTech),Canal de aquisicao (evento/ads)
A-f45426,Company_172,HealthTech,organic,1571.7272727272727,53.1,Alto,False,Faixa de MRR (mid-market),Industria de risco (DevTools/FinTech),Canal de aquisicao (evento/ads)
A-de58ca,Company_212,HealthTech,organic,2173.181818181818,53.1,Alto,False,Faixa de MRR (mid-market),Industria de risco (DevTools/FinTech),Canal de aquisicao (evento/ads)
A-104f1a,Company_89,Cybersecurity,other,1577.125,53.0,Alto,False,Faixa de MRR (mid-market),Canal de aquisicao (evento/ads),Industria de risco (DevTools/FinTech)
A-34ea2f,Company_436,HealthTech,organic,1215.25,52.9,Alto,True,Faixa de MRR (mid-market),Industria de risco (DevTools/FinTech),Canal de aquisicao (evento/ads)
A-2922b6,Company_70,HealthTech,organic,1778.1666666666667,52.9,Alto,False,Faixa de MRR (mid-market),Industria de risco (DevTools/FinTech),Canal de aquisicao (evento/ads)
A-4e44e8,Company_22,DevTools,ads,2603.214285714286,52.7,Alto,True,Industria de risco (DevTools/FinTech),Canal de aquisicao (evento/ads),Faixa de MRR (mid-market)
A-e40f45,Company_317,HealthTech,organic,1689.2857142857142,52.7,Alto,False,Faixa de MRR (mid-market),Industria de risco (DevTools/FinTech),Canal de aquisicao (evento/ads)
A-b9f5b1,Company_494,Cybersecurity,other,1010.2857142857144,52.7,Alto,False,Faixa de MRR (mid-market),Canal de aquisicao (evento/ads),Industria de risco (DevTools/FinTech)
A-bb1486,Company_265,HealthTech,organic,2038.375,52.5,Alto,False,Faixa de MRR (mid-market),Industria de risco (DevTools/FinTech),Canal de aquisicao (evento/ads)
A-c1dfe1,Company_53,DevTools,ads,3223.75,52.5,Alto,False,Industria de risco (DevTools/FinTech),Canal de aquisicao (evento/ads),Faixa de MRR (mid-market)
A-3cc791,Company_423,EdTech,other,1065.25,52.5,Alto,False,Faixa de MRR (mid-market),Canal de aquisicao (evento/ads),Industria de risco (DevTools/FinTech)
A-65a46c,Company_95,HealthTech,event,2834.375,52.5,Alto,False,Canal de aquisicao (evento/ads),Industria de risco (DevTools/FinTech),Faixa de MRR (mid-market)
A-4c38bc,Company_55,HealthTech,event,3003.75,52.5,Alto,True,Canal de aquisicao (evento/ads),Industria de risco (DevTools/FinTech),Faixa de MRR (mid-market)
A-4ef964,Company_262,HealthTech,organic,1586.5555555555557,52.4,Alto,False,Faixa de MRR (mid-market),Industria de risco (DevTools/FinTech),Canal de aquisicao (evento/ads)
A-202b67,Company_305,HealthTech,organic,2018.6666666666667,52.4,Alto,False,Faixa de MRR (mid-market),Industria de risco (DevTools/FinTech),Canal de aquisicao (evento/ads)
A-ffc04f,Company_307,EdTech,ads,1335.9333333333334,52.2,Alto,False,Faixa de MRR (mid-market),Canal de aquisicao (evento/ads),Industria de risco (DevTools/FinTech)
A-69b156,Company_396,EdTech,other,1588.111111111111,52.2,Alto,True,Faixa de MRR (mid-market),Canal de aquisicao (evento/ads),Industria de risco (DevTools/FinTech)
A-712f1c,Company_331,DevTools,ads,3583.25,52.1,Alto,True,Industria de risco (DevTools/FinTech),Canal de aquisicao (evento/ads),Faixa de MRR (mid-market)
A-c9bb3e,Company_336,EdTech,ads,1521.7,51.9,Alto,False,Faixa de MRR (mid-market),Canal de aquisicao (evento/ads),Industria de risco (DevTools/FinTech)
A-a1b80b,Company_184,HealthTech,organic,2161.8125,51.9,Alto,False,Faixa de MRR (mid-market),Industria de risco (DevTools/FinTech),Canal de aquisicao (evento/ads)
A-396e5f,Company_30,Cybersecurity,other,1023.6,51.8,Alto,False,Faixa de MRR (mid-market),Canal de aquisicao (evento/ads),Industria de risco (DevTools/FinTech)
A-856b1e,Company_161,FinTech,partner,1053.5,51.8,Alto,False,Faixa de MRR (mid-market),Industria de risco (DevTools/FinTech),Canal de aquisicao (evento/ads)
A-c42f1f,Company_21,HealthTech,other,646.875,51.7,Alto,False,Canal de aquisicao (evento/ads),Industria de risco (DevTools/FinTech),Faixa de MRR (mid-market)
A-76fa4d,Company_226,HealthTech,event,8812.285714285714,51.6,Alto,False,Canal de aquisicao (evento/ads),Industria de risco (DevTools/FinTech),Faixa de MRR (mid-market)
A-4ae22a,Company_229,EdTech,other,1347.428571428571,51.4,Alto,True,Faixa de MRR (mid-market),Canal de aquisicao (evento/ads),Industria de risco (DevTools/FinTech)
A-00cac8,Company_26,HealthTech,organic,1569.0,51.2,Alto,False,Faixa de MRR (mid-market),Industria de risco (DevTools/FinTech),Canal de aquisicao (evento/ads)
A-940b8b,Company_398,HealthTech,organic,1205.0,51.2,Alto,False,Faixa de MRR (mid-market),Industria de risco (DevTools/FinTech),Canal de aquisicao (evento/ads)
A-297a2d,Company_448,HealthTech,event,2874.6,51.2,Alto,False,Canal de aquisicao (evento/ads),Industria de risco (DevTools/FinTech),Faixa de MRR (mid-market)
A-bc4d48,Company_343,EdTech,ads,1770.0,51.2,Alto,False,Faixa de MRR (mid-market),Canal de aquisicao (evento/ads),Industria de risco (DevTools/FinTech)
A-cc1d8d,Company_440,FinTech,other,688.2307692307693,51.2,Alto,False,Industria de risco (DevTools/FinTech),Canal de aquisicao (evento/ads),Faixa de MRR (mid-market)
A-3a5ad8,Company_94,HealthTech,organic,2207.769230769231,51.2,Alto,False,Faixa de MRR (mid-market),Industria de risco (DevTools/FinTech),Canal de aquisicao (evento/ads)
A-e61e98,Company_115,FinTech,partner,1498.2222222222222,51.2,Alto,True,Faixa de MRR (mid-market),Industria de risco (DevTools/FinTech),Canal de aquisicao (evento/ads)
A-fa2041,Company_211,HealthTech,organic,1742.9166666666667,51.2,Alto,False,Faixa de MRR (mid-market),Industria de risco (DevTools/FinTech),Canal de aquisicao (evento/ads)
A-78f02b,Company_329,HealthTech,event,3770.25,51.2,Alto,False,Canal de aquisicao (evento/ads),Industria de risco (DevTools/FinTech),Faixa de MRR (mid-market)
A-ab438f,Company_233,Cybersecurity,ads,2044.75,51.2,Alto,True,Faixa de MRR (mid-market),Canal de aquisicao (evento/ads),Historico de churn
A-7cfe77,Company_367,DevTools,ads,2553.0,51.2,Alto,False,Industria de risco (DevTools/FinTech),Canal de aquisicao (evento/ads),Faixa de MRR (mid-market)
A-794a0b,Company_168,HealthTech,organic,1510.7142857142858,51.2,Alto,False,Faixa de MRR (mid-market),Industria de risco (DevTools/FinTech),Canal de aquisicao (evento/ads)
A-4c56c9,Company_449,FinTech,partner,2343.923076923077,51.1,Alto,True,Faixa de MRR (mid-market),Industria de risco (DevTools/FinTech),Historico de churn
A-e36807,Company_164,EdTech,other,1256.9,51.0,Alto,False,Faixa de MRR (mid-market),Canal de aquisicao (evento/ads),Industria de risco (DevTools/FinTech)
A-bcbe98,Company_452,Cybersecurity,other,1969.636363636364,50.9,Alto,False,Faixa de MRR (mid-market),Canal de aquisicao (evento/ads),Industria de risco (DevTools/FinTech)
A-9b9fe9,Company_71,EdTech,other,1643.75,50.8,Alto,False,Faixa de MRR (mid-market),Canal de aquisicao (evento/ads),Industria de risco (DevTools/FinTech)
A-a6d261,Company_303,FinTech,other,2727.928571428572,50.7,Alto,False,Industria de risco (DevTools/FinTech),Canal de aquisicao (evento/ads),Faixa de MRR (mid-market)
A-692f18,Company_195,EdTech,other,1797.0588235294117,50.6,Alto,True,Faixa de MRR (mid-market),Canal de aquisicao (evento/ads),Industria de risco (DevTools/FinTech)
A-9077b0,Company_41,HealthTech,ads,509.2857142857143,50.4,Alto,False,Industria de risco (DevTools/FinTech),Canal de aquisicao (evento/ads),Faixa de MRR (mid-market)
A-e98302,Company_286,EdTech,ads,2094.5,50.4,Alto,False,Faixa de MRR (mid-market),Canal de aquisicao (evento/ads),Industria de risco (DevTools/FinTech)
A-2d1036,Company_399,FinTech,ads,4973.307692307692,50.3,Alto,True,Industria de risco (DevTools/FinTech),Canal de aquisicao (evento/ads),Faixa de MRR (mid-market)
A-0354fe,Company_380,Cybersecurity,other,2210.0,50.2,Alto,False,Faixa de MRR (mid-market),Canal de aquisicao (evento/ads),Industria de risco (DevTools/FinTech)
A-712426,Company_155,HealthTech,other,746.4666666666667,50.1,Alto,False,Canal de aquisicao (evento/ads),Industria de risco (DevTools/FinTech),Faixa de MRR (mid-market)
A-4e0e85,Company_409,DevTools,organic,568.0,50.0,Moderado,False,Industria de risco (DevTools/FinTech),Faixa de MRR (mid-market),Canal de aquisicao (evento/ads)
A-443b7c,Company_280,Cybersecurity,other,1503.875,50.0,Moderado,True,Faixa de MRR (mid-market),Canal de aquisicao (evento/ads),Industria de risco (DevTools/FinTech)
A-88c6ca,Company_179,FinTech,ads,921.2857142857144,50.0,Moderado,True,Industria de risco (DevTools/FinTech),Canal de aquisicao (evento/ads),Faixa de MRR (mid-market)
A-d535f6,Company_421,DevTools,organic,823.8888888888889,50.0,Moderado,True,Industria de risco (DevTools/FinTech),Faixa de MRR (mid-market),Canal de aquisicao (evento/ads)
A-7988d1,Company_90,Cybersecurity,other,1188.0,49.9,Moderado,False,Faixa de MRR (mid-market),Canal de aquisicao (evento/ads),Industria de risco (DevTools/FinTech)
A-82d8a6,Company_444,Cybersecurity,ads,1645.0588235294117,49.9,Moderado,False,Faixa de MRR (mid-market),Canal de aquisicao (evento/ads),Industria de risco (DevTools/FinTech)
A-1b9609,Company_5,EdTech,ads,1528.1818181818182,49.7,Moderado,False,Faixa de MRR (mid-market),Canal de aquisicao (evento/ads),Industria de risco (DevTools/FinTech)
A-bb2f49,Company_356,Cybersecurity,other,2180.909090909091,49.7,Moderado,False,Faixa de MRR (mid-market),Canal de aquisicao (evento/ads),Industria de risco (DevTools/FinTech)
A-0f3e88,Company_428,HealthTech,other,511.27272727272725,49.7,Moderado,True,Canal de aquisicao (evento/ads),Industria de risco (DevTools/FinTech),Faixa de MRR (mid-market)
A-5247b3,Company_375,FinTech,partner,1071.909090909091,49.7,Moderado,False,Faixa de MRR (mid-market),Industria de risco (DevTools/FinTech),Canal de aquisicao (evento/ads)
A-625d0b,Company_290,EdTech,ads,1081.1818181818182,49.7,Moderado,False,Faixa de MRR (mid-market),Canal de aquisicao (evento/ads),Industria de risco (DevTools/FinTech)
A-eb1312,Company_322,FinTech,partner,1512.25,49.6,Moderado,False,Faixa de MRR (mid-market),Industria de risco (DevTools/FinTech),Canal de aquisicao (evento/ads)
A-378b99,Company_60,EdTech,ads,1009.6666666666666,49.6,Moderado,False,Faixa de MRR (mid-market),Canal de aquisicao (evento/ads),Industria de risco (DevTools/FinTech)
A-0b0d6d,Company_267,DevTools,organic,2576.230769230769,49.5,Moderado,False,Industria de risco (DevTools/FinTech),Canal de aquisicao (evento/ads),Faixa de MRR (mid-market)
A-956988,Company_14,EdTech,ads,2262.076923076923,49.5,Moderado,False,Faixa de MRR (mid-market),Canal de aquisicao (evento/ads),Industria de risco (DevTools/FinTech)
A-5b4ebb,Company_69,Cybersecurity,other,2138.692307692308,49.5,Moderado,True,Faixa de MRR (mid-market),Canal de aquisicao (evento/ads),Industria de risco (DevTools/FinTech)
A-9badbd,Company_63,Cybersecurity,ads,2498.230769230769,49.0,Moderado,False,Faixa de MRR (mid-market),Canal de aquisicao (evento/ads),Industria de risco (DevTools/FinTech)
A-8b25f2,Company_96,Cybersecurity,ads,1080.6153846153843,49.0,Moderado,True,Faixa de MRR (mid-market),Canal de aquisicao (evento/ads),Industria de risco (DevTools/FinTech)
A-9f0b68,Company_489,EdTech,ads,2376.5,48.8,Moderado,False,Faixa de MRR (mid-market),Canal de aquisicao (evento/ads),Industria de risco (DevTools/FinTech)
A-e1462e,Company_217,FinTech,partner,1718.571428571429,48.8,Moderado,False,Faixa de MRR (mid-market),Industria de risco (DevTools/FinTech),Canal de aquisicao (evento/ads)
A-c7e58b,Company_404,HealthTech,other,769.1428571428571,48.8,Moderado,False,Canal de aquisicao (evento/ads),Industria de risco (DevTools/FinTech),Faixa de MRR (mid-market)
A-671f31,Company_137,DevTools,ads,5064.166666666667,48.8,Moderado,False,Industria de risco (DevTools/FinTech),Canal de aquisicao (evento/ads),Faixa de MRR (mid-market)
A-0a62f5,Company_381,FinTech,partner,1215.25,48.8,Moderado,False,Faixa de MRR (mid-market),Industria de risco (DevTools/FinTech),Canal de aquisicao (evento/ads)
A-2789e3,Company_268,FinTech,partner,2040.75,48.8,Moderado,False,Faixa de MRR (mid-market),Industria de risco (DevTools/FinTech),Canal de aquisicao (evento/ads)
A-a8d89d,Company_326,EdTech,ads,2443.333333333333,48.8,Moderado,False,Faixa de MRR (mid-market),Canal de aquisicao (evento/ads),Industria de risco (DevTools/FinTech)
A-5b051a,Company_181,Cybersecurity,event,583.0,48.8,Moderado,False,Canal de aquisicao (evento/ads),Faixa de MRR (mid-market),Industria de risco (DevTools/FinTech)
A-463db0,Company_16,HealthTech,partner,1895.142857142857,48.8,Moderado,False,Faixa de MRR (mid-market),Industria de risco (DevTools/FinTech),Canal de aquisicao (evento/ads)
A-6f50ae,Company_466,FinTech,partner,1900.571428571429,48.8,Moderado,True,Faixa de MRR (mid-market),Industria de risco (DevTools/FinTech),Canal de aquisicao (evento/ads)
A-59f724,Company_432,HealthTech,other,814.4166666666666,48.8,Moderado,False,Canal de aquisicao (evento/ads),Industria de risco (DevTools/FinTech),Faixa de MRR (mid-market)
A-5a92e7,Company_413,HealthTech,ads,666.8947368421053,48.6,Moderado,False,Industria de risco (DevTools/FinTech),Canal de aquisicao (evento/ads),Faixa de MRR (mid-market)
A-34d880,Company_207,Cybersecurity,ads,2329.333333333333,48.6,Moderado,False,Faixa de MRR (mid-market),Canal de aquisicao (evento/ads),Industria de risco (DevTools/FinTech)
A-fdfc91,Company_414,Cybersecurity,ads,2061.2,48.5,Moderado,False,Faixa de MRR (mid-market),Canal de aquisicao (evento/ads),Industria de risco (DevTools/FinTech)
A-922109,Company_243,Cybersecurity,ads,1086.0,48.3,Moderado,False,Faixa de MRR (mid-market),Canal de aquisicao (evento/ads),Industria de risco (DevTools/FinTech)
A-8ed5dd,Company_222,EdTech,event,996.3333333333334,48.3,Moderado,True,Canal de aquisicao (evento/ads),Faixa de MRR (mid-market),Industria de risco (DevTools/FinTech)
A-4a267b,Company_451,FinTech,other,2968.7,48.2,Moderado,False,Industria de risco (DevTools/FinTech),Canal de aquisicao (evento/ads),Faixa de MRR (mid-market)
A-2e3bad,Company_108,FinTech,other,4587.2,48.2,Moderado,False,Industria de risco (DevTools/FinTech),Canal de aquisicao (evento/ads),Faixa de MRR (mid-market)
A-029f69,Company_129,Cybersecurity,event,914.875,48.1,Moderado,False,Canal de aquisicao (evento/ads),Faixa de MRR (mid-market),Industria de risco (DevTools/FinTech)
A-82861f,Company_350,DevTools,organic,4363.3,48.0,Moderado,False,Industria de risco (DevTools/FinTech),Canal de aquisicao (evento/ads),Faixa de MRR (mid-market)
A-7da956,Company_141,Cybersecurity,event,913.5833333333334,47.9,Moderado,False,Canal de aquisicao (evento/ads),Faixa de MRR (mid-market),Industria de risco (DevTools/FinTech)
A-328bd0,Company_237,HealthTech,partner,1229.1538461538462,47.8,Moderado,False,Faixa de MRR (mid-market),Industria de risco (DevTools/FinTech),Canal de aquisicao (evento/ads)
A-8ae05d,Company_147,FinTech,other,3747.142857142857,47.7,Moderado,False,Industria de risco (DevTools/FinTech),Canal de aquisicao (evento/ads),Faixa de MRR (mid-market)
A-4bfa33,Company_251,Cybersecurity,event,800.8571428571429,47.7,Moderado,False,Canal de aquisicao (evento/ads),Faixa de MRR (mid-market),Industria de risco (DevTools/FinTech)
A-eb7c38,Company_47,DevTools,organic,2547.333333333333,47.7,Moderado,False,Industria de risco (DevTools/FinTech),Canal de aquisicao (evento/ads),Faixa de MRR (mid-market)
A-fd7ad3,Company_100,Cybersecurity,event,383.1,47.6,Moderado,False,Canal de aquisicao (evento/ads),Faixa de MRR (mid-market),Industria de risco (DevTools/FinTech)
A-e60f9d,Company_178,FinTech,other,3387.8,47.6,Moderado,False,Industria de risco (DevTools/FinTech),Canal de aquisicao (evento/ads),Faixa de MRR (mid-market)
A-65c341,Company_308,FinTech,ads,3818.25,47.5,Moderado,False,Industria de risco (DevTools/FinTech),Canal de aquisicao (evento/ads),Faixa de MRR (mid-market)
A-f51f16,Company_282,HealthTech,partner,1663.75,47.5,Moderado,False,Faixa de MRR (mid-market),Industria de risco (DevTools/FinTech),Canal de aquisicao (evento/ads)
A-977ca0,Company_232,HealthTech,partner,1878.4375,47.5,Moderado,True,Faixa de MRR (mid-market),Industria de risco (DevTools/FinTech),Canal de aquisicao (evento/ads)
A-52dd88,Company_127,Cybersecurity,ads,1508.3636363636365,47.5,Moderado,False,Faixa de MRR (mid-market),Canal de aquisicao (evento/ads),Industria de risco (DevTools/FinTech)
A-81edc3,Company_236,Cybersecurity,ads,1460.3333333333333,47.5,Moderado,False,Faixa de MRR (mid-market),Canal de aquisicao (evento/ads),Industria de risco (DevTools/FinTech)
A-ff3c73,Company_244,HealthTech,other,481.6666666666667,47.4,Moderado,False,Canal de aquisicao (evento/ads),Industria de risco (DevTools/FinTech),Faixa de MRR (mid-market)
A-7f6b86,Company_299,HealthTech,partner,2155.777777777778,47.4,Moderado,True,Faixa de MRR (mid-market),Industria de risco (DevTools/FinTech),Canal de aquisicao (evento/ads)
A-cc102e,Company_443,HealthTech,partner,1006.3,47.2,Moderado,False,Faixa de MRR (mid-market),Industria de risco (DevTools/FinTech),Canal de aquisicao (evento/ads)
A-158f4e,Company_180,FinTech,other,3654.9166666666665,47.1,Moderado,False,Industria de risco (DevTools/FinTech),Canal de aquisicao (evento/ads),Faixa de MRR (mid-market)
A-a33200,Company_352,HealthTech,partner,2409.4166666666665,47.1,Moderado,False,Faixa de MRR (mid-market),Industria de risco (DevTools/FinTech),Canal de aquisicao (evento/ads)
A-35083d,Company_27,HealthTech,partner,2027.0625,46.9,Moderado,True,Faixa de MRR (mid-market),Industria de risco (DevTools/FinTech),Canal de aquisicao (evento/ads)
A-e7beab,Company_458,EdTech,organic,1618.857142857143,46.8,Moderado,False,Faixa de MRR (mid-market),Historico de churn,Canal de aquisicao (evento/ads)
A-84ebe4,Company_68,FinTech,ads,2544.909090909091,46.8,Moderado,True,Industria de risco (DevTools/FinTech),Canal de aquisicao (evento/ads),Faixa de MRR (mid-market)
A-716841,Company_437,FinTech,other,3279.25,46.2,Moderado,False,Industria de risco (DevTools/FinTech),Canal de aquisicao (evento/ads),Faixa de MRR (mid-market)
A-5f2961,Company_284,HealthTech,partner,1471.2857142857142,46.2,Moderado,False,Faixa de MRR (mid-market),Industria de risco (DevTools/FinTech),Canal de aquisicao (evento/ads)
A-b2af2e,Company_227,Cybersecurity,event,778.0,46.2,Moderado,False,Canal de aquisicao (evento/ads),Faixa de MRR (mid-market),Industria de risco (DevTools/FinTech)
A-1e1b80,Company_416,FinTech,other,4053.9166666666665,46.2,Moderado,False,Industria de risco (DevTools/FinTech),Canal de aquisicao (evento/ads),Faixa de MRR (mid-market)
A-89ee83,Company_312,Cybersecurity,organic,2264.2727272727275,46.1,Moderado,True,Faixa de MRR (mid-market),Canal de aquisicao (evento/ads),Industria de risco (DevTools/FinTech)
A-eb7fac,Company_28,DevTools,organic,4209.6,46.0,Moderado,False,Industria de risco (DevTools/FinTech),Canal de aquisicao (evento/ads),Faixa de MRR (mid-market)
A-eb2fdc,Company_216,DevTools,organic,2664.0,45.8,Moderado,True,Industria de risco (DevTools/FinTech),Canal de aquisicao (evento/ads),Faixa de MRR (mid-market)
A-560d27,Company_266,DevTools,organic,3470.083333333333,45.8,Moderado,False,Industria de risco (DevTools/FinTech),Canal de aquisicao (evento/ads),Faixa de MRR (mid-market)
A-bece89,Company_128,Cybersecurity,event,3208.333333333333,45.0,Moderado,False,Canal de aquisicao (evento/ads),Faixa de MRR (mid-market),Industria de risco (DevTools/FinTech)
A-7e0a10,Company_64,FinTech,ads,4111.6,45.0,Moderado,False,Industria de risco (DevTools/FinTech),Canal de aquisicao (evento/ads),Faixa de MRR (mid-market)
A-bd4708,Company_257,FinTech,ads,2998.076923076923,45.0,Moderado,False,Industria de risco (DevTools/FinTech),Canal de aquisicao (evento/ads),Faixa de MRR (mid-market)
A-151c9a,Company_260,FinTech,ads,2850.0,45.0,Moderado,False,Industria de risco (DevTools/FinTech),Canal de aquisicao (evento/ads),Faixa de MRR (mid-market)
A-1619f8,Company_183,DevTools,organic,2827.1428571428573,45.0,Moderado,False,Industria de risco (DevTools/FinTech),Canal de aquisicao (evento/ads),Faixa de MRR (mid-market)
A-86902e,Company_169,HealthTech,other,3604.1,44.8,Moderado,False,Canal de aquisicao (evento/ads),Industria de risco (DevTools/FinTech),Faixa de MRR (mid-market)
A-d4e0d4,Company_403,FinTech,other,13806.0,44.8,Moderado,False,Industria de risco (DevTools/FinTech),Canal de aquisicao (evento/ads),Faixa de MRR (mid-market)
A-86cdb4,Company_250,DevTools,partner,394.55555555555554,44.7,Moderado,False,Industria de risco (DevTools/FinTech),Faixa de MRR (mid-market),Historico de churn
A-68f37c,Company_202,HealthTech,ads,2689.1666666666665,44.2,Moderado,False,Industria de risco (DevTools/FinTech),Canal de aquisicao (evento/ads),Faixa de MRR (mid-market)
A-b9eed8,Company_189,Cybersecurity,organic,1507.0,44.2,Moderado,False,Faixa de MRR (mid-market),Canal de aquisicao (evento/ads),Industria de risco (DevTools/FinTech)
A-e4bf56,Company_272,HealthTech,ads,2703.714285714286,43.9,Moderado,True,Industria de risco (DevTools/FinTech),Canal de aquisicao (evento/ads),Faixa de MRR (mid-market)
A-781cc0,Company_499,EdTech,organic,1144.6875,43.8,Moderado,False,Faixa de MRR (mid-market),Canal de aquisicao (evento/ads),Industria de risco (DevTools/FinTech)
A-700ade,Company_472,Cybersecurity,organic,2109.375,43.8,Moderado,False,Faixa de MRR (mid-market),Canal de aquisicao (evento/ads),Industria de risco (DevTools/FinTech)
A-6f8ad2,Company_57,EdTech,organic,1525.1764705882354,43.7,Moderado,False,Faixa de MRR (mid-market),Canal de aquisicao (evento/ads),Industria de risco (DevTools/FinTech)
A-ffdfd5,Company_365,EdTech,organic,1432.2,43.5,Moderado,True,Faixa de MRR (mid-market),Canal de aquisicao (evento/ads),Industria de risco (DevTools/FinTech)
A-2ebb4b,Company_334,HealthTech,ads,3068.8,43.5,Moderado,False,Industria de risco (DevTools/FinTech),Canal de aquisicao (evento/ads),Faixa de MRR (mid-market)
A-068fc6,Company_465,EdTech,event,2908.5,43.5,Moderado,False,Canal de aquisicao (evento/ads),Faixa de MRR (mid-market),Industria de risco (DevTools/FinTech)
A-7641d3,Company_429,EdTech,partner,1096.3636363636365,43.5,Moderado,True,Faixa de MRR (mid-market),Taxa de escalacao alta,Industria de risco (DevTools/FinTech)
A-016043,Company_405,EdTech,organic,1501.4545454545455,43.4,Moderado,False,Faixa de MRR (mid-market),Canal de aquisicao (evento/ads),Industria de risco (DevTools/FinTech)
A-e08cd3,Company_475,FinTech,ads,6456.363636363636,43.4,Moderado,False,Industria de risco (DevTools/FinTech),Canal de aquisicao (evento/ads),Faixa de MRR (mid-market)
A-4814a3,Company_337,Cybersecurity,event,7996.090909090909,43.4,Moderado,True,Canal de aquisicao (evento/ads),Faixa de MRR (mid-market),Industria de risco (DevTools/FinTech)
A-993085,Company_258,HealthTech,ads,3230.4,43.2,Moderado,False,Industria de risco (DevTools/FinTech),Canal de aquisicao (evento/ads),Faixa de MRR (mid-market)
A-1e50e0,Company_415,Cybersecurity,other,2659.0,43.2,Moderado,True,Canal de aquisicao (evento/ads),Taxa de escalacao alta,Faixa de MRR (mid-market)
A-5b1bcd,Company_166,DevTools,organic,8886.533333333333,43.2,Moderado,False,Industria de risco (DevTools/FinTech),Canal de aquisicao (evento/ads),Faixa de MRR (mid-market)
A-039727,Company_107,EdTech,organic,2428.0,43.2,Moderado,False,Faixa de MRR (mid-market),Canal de aquisicao (evento/ads),Industria de risco (DevTools/FinTech)
A-2f6a32,Company_160,HealthTech,organic,683.0,43.1,Moderado,False,Industria de risco (DevTools/FinTech),Faixa de MRR (mid-market),Canal de aquisicao (evento/ads)
A-f44180,Company_376,Cybersecurity,event,2617.090909090909,43.1,Moderado,False,Canal de aquisicao (evento/ads),Faixa de MRR (mid-market),Industria de risco (DevTools/FinTech)
A-17939a,Company_162,HealthTech,organic,879.0,43.1,Moderado,False,Industria de risco (DevTools/FinTech),Faixa de MRR (mid-market),Canal de aquisicao (evento/ads)
A-09540c,Company_239,Cybersecurity,event,3953.0,42.9,Moderado,False,Canal de aquisicao (evento/ads),Faixa de MRR (mid-market),Industria de risco (DevTools/FinTech)
A-592832,Company_10,Cybersecurity,organic,1714.2631578947369,42.8,Moderado,True,Faixa de MRR (mid-market),Canal de aquisicao (evento/ads),Industria de risco (DevTools/FinTech)
A-1b707d,Company_56,Cybersecurity,organic,1166.5,42.5,Moderado,False,Faixa de MRR (mid-market),Canal de aquisicao (evento/ads),Industria de risco (DevTools/FinTech)
A-712533,Company_498,EdTech,organic,1615.1666666666667,42.5,Moderado,False,Faixa de MRR (mid-market),Canal de aquisicao (evento/ads),Industria de risco (DevTools/FinTech)
A-ef84cf,Company_274,EdTech,partner,1501.4,42.5,Moderado,False,Faixa de MRR (mid-market),Industria de risco (DevTools/FinTech),Canal de aquisicao (evento/ads)
A-b48f73,Company_225,EdTech,event,4045.714285714286,42.5,Moderado,False,Canal de aquisicao (evento/ads),Faixa de MRR (mid-market),Industria de risco (DevTools/FinTech)
A-1f7acb,Company_281,FinTech,ads,5864.0,42.5,Moderado,False,Industria de risco (DevTools/FinTech),Canal de aquisicao (evento/ads),Faixa de MRR (mid-market)
A-1986ca,Company_197,HealthTech,ads,3951.571428571429,42.5,Moderado,False,Industria de risco (DevTools/FinTech),Canal de aquisicao (evento/ads),Faixa de MRR (mid-market)
A-b7724f,Company_320,HealthTech,organic,402.75,42.5,Moderado,False,Industria de risco (DevTools/FinTech),Faixa de MRR (mid-market),Canal de aquisicao (evento/ads)
A-fb186e,Company_131,EdTech,organic,1923.6666666666667,42.5,Moderado,False,Faixa de MRR (mid-market),Canal de aquisicao (evento/ads),Industria de risco (DevTools/FinTech)
A-fa3095,Company_174,FinTech,ads,5769.166666666667,42.5,Moderado,False,Industria de risco (DevTools/FinTech),Canal de aquisicao (evento/ads),Faixa de MRR (mid-market)
A-65aeb5,Company_120,DevTools,partner,2866.0,42.5,Moderado,False,Industria de risco (DevTools/FinTech),Faixa de MRR (mid-market),Historico de churn
A-50bb9f,Company_373,Cybersecurity,organic,2157.875,42.5,Moderado,False,Faixa de MRR (mid-market),Canal de aquisicao (evento/ads),Industria de risco (DevTools/FinTech)
A-afa505,Company_157,DevTools,partner,7334.444444444444,42.4,Moderado,False,Industria de risco (DevTools/FinTech),Faixa de MRR (mid-market),Taxa de escalacao alta
A-443f6f,Company_304,Cybersecurity,organic,1510.4444444444443,42.4,Moderado,False,Faixa de MRR (mid-market),Canal de aquisicao (evento/ads),Industria de risco (DevTools/FinTech)
A-df1e44,Company_323,Cybersecurity,organic,1191.5454545454545,42.2,Moderado,False,Faixa de MRR (mid-market),Canal de aquisicao (evento/ads),Industria de risco (DevTools/FinTech)
A-0baac2,Company_264,FinTech,organic,3083.333333333333,42.1,Moderado,True,Industria de risco (DevTools/FinTech),Canal de aquisicao (evento/ads),Faixa de MRR (mid-market)
A-66224b,Company_87,HealthTech,other,5765.333333333333,42.1,Moderado,False,Canal de aquisicao (evento/ads),Industria de risco (DevTools/FinTech),Faixa de MRR (mid-market)
A-118d55,Company_65,Cybersecurity,organic,1993.25,42.1,Moderado,False,Faixa de MRR (mid-market),Canal de aquisicao (evento/ads),Industria de risco (DevTools/FinTech)
A-e351e1,Company_62,EdTech,other,699.6,42.0,Moderado,False,Canal de aquisicao (evento/ads),Faixa de MRR (mid-market),Industria de risco (DevTools/FinTech)
A-d77f4c,Company_470,DevTools,partner,3480.428571428572,41.4,Moderado,False,Industria de risco (DevTools/FinTech),Faixa de MRR (mid-market),Canal de aquisicao (evento/ads)
A-faa28c,Company_91,HealthTech,organic,4171.714285714285,41.4,Moderado,False,Industria de risco (DevTools/FinTech),Canal de aquisicao (evento/ads),Faixa de MRR (mid-market)
A-902ef7,Company_270,HealthTech,other,5540.25,41.2,Moderado,True,Canal de aquisicao (evento/ads),Industria de risco (DevTools/FinTech),Faixa de MRR (mid-market)
A-bb1eaa,Company_468,Cybersecurity,organic,2076.2,41.2,Moderado,False,Faixa de MRR (mid-market),Canal de aquisicao (evento/ads),Industria de risco (DevTools/FinTech)
A-3a7284,Company_93,FinTech,organic,2959.9166666666665,41.2,Moderado,False,Industria de risco (DevTools/FinTech),Canal de aquisicao (evento/ads),Faixa de MRR (mid-market)
A-313be3,Company_136,EdTech,partner,1727.8181818181818,41.2,Moderado,False,Faixa de MRR (mid-market),Industria de risco (DevTools/FinTech),Taxa de escalacao alta
A-9123ac,Company_219,Cybersecurity,organic,2107.285714285714,41.2,Moderado,False,Faixa de MRR (mid-market),Canal de aquisicao (evento/ads),Industria de risco (DevTools/FinTech)
A-9f9299,Company_133,FinTech,organic,2826.866666666667,40.8,Moderado,False,Industria de risco (DevTools/FinTech),Canal de aquisicao (evento/ads),Faixa de MRR (mid-market)
A-af0cd2,Company_204,Cybersecurity,other,587.2727272727273,40.6,Moderado,False,Canal de aquisicao (evento/ads),Faixa de MRR (mid-market),Industria de risco (DevTools/FinTech)
A-1b7577,Company_39,Cybersecurity,other,797.3636363636364,40.6,Moderado,False,Canal de aquisicao (evento/ads),Faixa de MRR (mid-market),Industria de risco (DevTools/FinTech)
A-9affe6,Company_401,Cybersecurity,other,966.9090909090908,40.6,Moderado,False,Canal de aquisicao (evento/ads),Faixa de MRR (mid-market),Industria de risco (DevTools/FinTech)
A-bf7919,Company_426,HealthTech,organic,260.0,40.4,Moderado,False,Industria de risco (DevTools/FinTech),Faixa de MRR (mid-market),Canal de aquisicao (evento/ads)
A-8e47ca,Company_191,HealthTech,organic,3124.4444444444443,40.4,Moderado,False,Industria de risco (DevTools/FinTech),Canal de aquisicao (evento/ads),Faixa de MRR (mid-market)
A-526d93,Company_66,HealthTech,organic,4355.666666666667,40.4,Moderado,False,Industria de risco (DevTools/FinTech),Canal de aquisicao (evento/ads),Faixa de MRR (mid-market)
A-a7bd4b,Company_363,Cybersecurity,ads,569.8181818181819,40.2,Moderado,False,Canal de aquisicao (evento/ads),Faixa de MRR (mid-market),Historico de churn
A-1e6fc3,Company_434,EdTech,other,111.0,40.0,Moderado,False,Canal de aquisicao (evento/ads),Faixa de MRR (mid-market),Industria de risco (DevTools/FinTech)
A-09316c,Company_341,FinTech,organic,6363.636363636364,40.0,Moderado,False,Industria de risco (DevTools/FinTech),Canal de aquisicao (evento/ads),Faixa de MRR (mid-market)
A-342303,Company_294,EdTech,other,565.0,40.0,Moderado,False,Canal de aquisicao (evento/ads),Faixa de MRR (mid-market),Industria de risco (DevTools/FinTech)
A-0aaf6e,Company_114,FinTech,organic,2676.0,39.9,Moderado,False,Industria de risco (DevTools/FinTech),Canal de aquisicao (evento/ads),Faixa de MRR (mid-market)
A-f5641b,Company_382,EdTech,other,3912.0,39.8,Moderado,False,Canal de aquisicao (evento/ads),Faixa de MRR (mid-market),Industria de risco (DevTools/FinTech)
A-cbbe12,Company_450,Cybersecurity,partner,2180.1666666666665,39.6,Moderado,False,Faixa de MRR (mid-market),Historico de churn,Industria de risco (DevTools/FinTech)
A-c45b23,Company_75,FinTech,partner,708.6666666666666,39.6,Moderado,False,Industria de risco (DevTools/FinTech),Faixa de MRR (mid-market),Canal de aquisicao (evento/ads)
A-c37601,Company_48,EdTech,partner,1706.25,39.2,Moderado,False,Faixa de MRR (mid-market),Industria de risco (DevTools/FinTech),Canal de aquisicao (evento/ads)
A-ee42db,Company_77,EdTech,ads,963.9166666666666,38.8,Moderado,False,Canal de aquisicao (evento/ads),Faixa de MRR (mid-market),Industria de risco (DevTools/FinTech)
A-9779ad,Company_171,Cybersecurity,event,5168.0,38.8,Moderado,True,Canal de aquisicao (evento/ads),Faixa de MRR (mid-market),Industria de risco (DevTools/FinTech)
A-484819,Company_109,HealthTech,organic,2575.5,38.8,Moderado,False,Industria de risco (DevTools/FinTech),Canal de aquisicao (evento/ads),Faixa de MRR (mid-market)
A-474ad4,Company_261,EdTech,organic,808.3333333333334,38.8,Moderado,False,Faixa de MRR (mid-market),Canal de aquisicao (evento/ads),Taxa de escalacao alta
A-d40bf7,Company_11,FinTech,organic,4324.7,38.8,Moderado,False,Industria de risco (DevTools/FinTech),Canal de aquisicao (evento/ads),Faixa de MRR (mid-market)
A-90a8c8,Company_249,FinTech,organic,3787.714285714286,38.8,Moderado,False,Industria de risco (DevTools/FinTech),Canal de aquisicao (evento/ads),Faixa de MRR (mid-market)
A-f19b24,Company_462,Cybersecurity,organic,841.0,38.8,Moderado,False,Faixa de MRR (mid-market),Taxa de escalacao alta,Canal de aquisicao (evento/ads)
A-7c83a1,Company_447,Cybersecurity,partner,1394.25,38.8,Moderado,False,Faixa de MRR (mid-market),Industria de risco (DevTools/FinTech),Historico de churn
A-39868b,Company_422,FinTech,partner,838.8,38.8,Moderado,False,Industria de risco (DevTools/FinTech),Faixa de MRR (mid-market),Canal de aquisicao (evento/ads)
A-0158bb,Company_461,FinTech,partner,678.3333333333334,38.8,Moderado,False,Industria de risco (DevTools/FinTech),Faixa de MRR (mid-market),Canal de aquisicao (evento/ads)
A-f1f639,Company_296,EdTech,ads,729.75,38.8,Moderado,False,Canal de aquisicao (evento/ads),Faixa de MRR (mid-market),Industria de risco (DevTools/FinTech)
A-e5d6ab,Company_7,EdTech,partner,1304.8,38.5,Moderado,False,Faixa de MRR (mid-market),Industria de risco (DevTools/FinTech),Canal de aquisicao (evento/ads)
A-779e4e,Company_193,HealthTech,organic,2808.1,38.2,Moderado,False,Industria de risco (DevTools/FinTech),Canal de aquisicao (evento/ads),Faixa de MRR (mid-market)
A-0f7d77,Company_457,FinTech,partner,387.6666666666667,37.9,Moderado,False,Industria de risco (DevTools/FinTech),Faixa de MRR (mid-market),Canal de aquisicao (evento/ads)
A-462d45,Company_13,Cybersecurity,partner,1952.6666666666667,37.9,Moderado,False,Faixa de MRR (mid-market),Industria de risco (DevTools/FinTech),Canal de aquisicao (evento/ads)
A-6a4e2d,Company_46,EdTech,partner,944.9090909090908,37.7,Moderado,False,Faixa de MRR (mid-market),Taxa de escalacao alta,Industria de risco (DevTools/FinTech)
A-c62e55,Company_315,EdTech,partner,1322.4444444444443,37.5,Moderado,False,Faixa de MRR (mid-market),Industria de risco (DevTools/FinTech),Canal de aquisicao (evento/ads)
A-fce879,Company_291,EdTech,partner,1359.4,37.5,Moderado,True,Faixa de MRR (mid-market),Industria de risco (DevTools/FinTech),Canal de aquisicao (evento/ads)
A-c58f49,Company_480,EdTech,other,10140.0,37.5,Moderado,False,Canal de aquisicao (evento/ads),Taxa de escalacao alta,Industria de risco (DevTools/FinTech)
A-2e4581,Company_0,EdTech,partner,1260.3,37.5,Moderado,False,Faixa de MRR (mid-market),Industria de risco (DevTools/FinTech),Canal de aquisicao (evento/ads)
A-44dc83,Company_35,EdTech,other,114.0,37.5,Moderado,False,Canal de aquisicao (evento/ads),Faixa de MRR (mid-market),Industria de risco (DevTools/FinTech)
A-7d514c,Company_119,HealthTech,organic,2697.111111111112,37.4,Moderado,False,Industria de risco (DevTools/FinTech),Canal de aquisicao (evento/ads),Faixa de MRR (mid-market)
A-8145a0,Company_33,Cybersecurity,partner,1438.3333333333333,37.1,Moderado,False,Faixa de MRR (mid-market),Industria de risco (DevTools/FinTech),Canal de aquisicao (evento/ads)
A-b7ef83,Company_474,Cybersecurity,partner,2391.2,36.9,Moderado,False,Faixa de MRR (mid-market),Industria de risco (DevTools/FinTech),Canal de aquisicao (evento/ads)
A-0651a4,Company_255,HealthTech,organic,2970.9333333333334,36.9,Moderado,False,Industria de risco (DevTools/FinTech),Canal de aquisicao (evento/ads),Faixa de MRR (mid-market)
A-417d2f,Company_285,Cybersecurity,partner,1433.3125,36.9,Moderado,False,Faixa de MRR (mid-market),Industria de risco (DevTools/FinTech),Canal de aquisicao (evento/ads)
A-883b7d,Company_313,Cybersecurity,other,2543.6666666666665,36.7,Moderado,False,Canal de aquisicao (evento/ads),Faixa de MRR (mid-market),Industria de risco (DevTools/FinTech)
A-1d5444,Company_427,Cybersecurity,partner,2211.285714285714,36.2,Moderado,True,Faixa de MRR (mid-market),Industria de risco (DevTools/FinTech),Canal de aquisicao (evento/ads)
A-10b8f2,Company_151,HealthTech,organic,2559.9166666666665,36.2,Moderado,False,Industria de risco (DevTools/FinTech),Canal de aquisicao (evento/ads),Faixa de MRR (mid-market)
A-d62e02,Company_420,Cybersecurity,partner,2132.4,36.2,Moderado,False,Faixa de MRR (mid-market),Industria de risco (DevTools/FinTech),Canal de aquisicao (evento/ads)
A-ac14bb,Company_15,FinTech,partner,3468.25,36.2,Moderado,False,Industria de risco (DevTools/FinTech),Faixa de MRR (mid-market),Historico de churn
A-fda07f,Company_230,Cybersecurity,partner,2368.1666666666665,36.2,Moderado,False,Faixa de MRR (mid-market),Industria de risco (DevTools/FinTech),Canal de aquisicao (evento/ads)
A-54ecc2,Company_289,Cybersecurity,partner,1469.8181818181818,36.2,Moderado,False,Faixa de MRR (mid-market),Industria de risco (DevTools/FinTech),Canal de aquisicao (evento/ads)
A-432483,Company_78,Cybersecurity,ads,2868.111111111112,35.8,Moderado,False,Canal de aquisicao (evento/ads),Faixa de MRR (mid-market),Historico de churn
A-5a215a,Company_358,EdTech,other,7230.666666666667,35.8,Moderado,False,Canal de aquisicao (evento/ads),Historico de churn,Industria de risco (DevTools/FinTech)
A-bbc346,Company_138,FinTech,partner,2547.846153846154,35.3,Moderado,False,Industria de risco (DevTools/FinTech),Faixa de MRR (mid-market),Canal de aquisicao (evento/ads)
A-c222ab,Company_206,Cybersecurity,other,2665.1428571428573,35.2,Moderado,True,Canal de aquisicao (evento/ads),Faixa de MRR (mid-market),Industria de risco (DevTools/FinTech)
A-e4144b,Company_316,EdTech,other,3542.4,35.0,Moderado,False,Canal de aquisicao (evento/ads),Faixa de MRR (mid-market),Industria de risco (DevTools/FinTech)
A-d27f50,Company_163,Cybersecurity,ads,3734.5833333333335,35.0,Moderado,False,Canal de aquisicao (evento/ads),Faixa de MRR (mid-market),Industria de risco (DevTools/FinTech)
A-f25509,Company_92,EdTech,other,3224.4,35.0,Moderado,False,Canal de aquisicao (evento/ads),Faixa de MRR (mid-market),Industria de risco (DevTools/FinTech)
A-e51ec7,Company_113,FinTech,partner,3009.5,35.0,Moderado,False,Industria de risco (DevTools/FinTech),Faixa de MRR (mid-market),Canal de aquisicao (evento/ads)
A-054577,Company_455,EdTech,ads,2787.5625,34.4,Moderado,False,Canal de aquisicao (evento/ads),Faixa de MRR (mid-market),Industria de risco (DevTools/FinTech)
A-e43bf7,Company_215,Cybersecurity,other,6666.571428571428,34.2,Moderado,False,Canal de aquisicao (evento/ads),Faixa de MRR (mid-market),Industria de risco (DevTools/FinTech)
A-37f969,Company_150,HealthTech,partner,2869.875,34.2,Moderado,False,Industria de risco (DevTools/FinTech),Faixa de MRR (mid-market),Canal de aquisicao (evento/ads)
A-50f3f7,Company_140,HealthTech,partner,2938.4666666666667,33.8,Moderado,True,Industria de risco (DevTools/FinTech),Faixa de MRR (mid-market),Canal de aquisicao (evento/ads)
A-acb7f7,Company_330,EdTech,ads,2714.5,33.8,Moderado,False,Canal de aquisicao (evento/ads),Faixa de MRR (mid-market),Industria de risco (DevTools/FinTech)
A-0dbdc6,Company_366,Cybersecurity,other,3141.4444444444443,33.8,Moderado,True,Canal de aquisicao (evento/ads),Faixa de MRR (mid-market),Industria de risco (DevTools/FinTech)
A-05f0e5,Company_40,FinTech,partner,4259.083333333333,33.8,Moderado,False,Industria de risco (DevTools/FinTech),Faixa de MRR (mid-market),Canal de aquisicao (evento/ads)
A-98a59a,Company_80,FinTech,partner,3645.6,33.8,Moderado,False,Industria de risco (DevTools/FinTech),Faixa de MRR (mid-market),Canal de aquisicao (evento/ads)
A-5fe118,Company_374,Cybersecurity,other,4458.0,33.8,Moderado,False,Canal de aquisicao (evento/ads),Faixa de MRR (mid-market),Industria de risco (DevTools/FinTech)
A-118f1c,Company_492,Cybersecurity,other,6520.0,33.8,Moderado,False,Canal de aquisicao (evento/ads),Faixa de MRR (mid-market),Industria de risco (DevTools/FinTech)
A-9208f0,Company_79,EdTech,organic,438.875,33.1,Moderado,True,Faixa de MRR (mid-market),Canal de aquisicao (evento/ads),Industria de risco (DevTools/FinTech)
A-7920cc,Company_412,Cybersecurity,ads,3255.5625,32.5,Moderado,False,Canal de aquisicao (evento/ads),Faixa de MRR (mid-market),Industria de risco (DevTools/FinTech)
A-b179bf,Company_348,Cybersecurity,ads,3586.2,32.5,Moderado,False,Canal de aquisicao (evento/ads),Faixa de MRR (mid-market),Industria de risco (DevTools/FinTech)
A-00bed1,Company_306,Cybersecurity,ads,3350.6,32.5,Moderado,False,Canal de aquisicao (evento/ads),Faixa de MRR (mid-market),Industria de risco (DevTools/FinTech)
A-dec005,Company_445,HealthTech,partner,3074.4,32.2,Moderado,False,Industria de risco (DevTools/FinTech),Faixa de MRR (mid-market),Canal de aquisicao (evento/ads)
A-80eeb6,Company_402,Cybersecurity,organic,4280.5625,31.9,Moderado,False,Canal de aquisicao (evento/ads),Faixa de MRR (mid-market),Industria de risco (DevTools/FinTech)
A-b44e3e,Company_383,Cybersecurity,ads,6217.285714285715,31.4,Moderado,False,Canal de aquisicao (evento/ads),Faixa de MRR (mid-market),Industria de risco (DevTools/FinTech)
A-9a532a,Company_333,HealthTech,partner,2736.25,31.2,Moderado,False,Industria de risco (DevTools/FinTech),Faixa de MRR (mid-market),Canal de aquisicao (evento/ads)
A-40906c,Company_235,EdTech,ads,5366.666666666667,31.2,Moderado,False,Canal de aquisicao (evento/ads),Industria de risco (DevTools/FinTech),Faixa de MRR (mid-market)
A-337bc1,Company_424,Cybersecurity,organic,2768.428571428572,30.0,Baixo,False,Canal de aquisicao (evento/ads),Faixa de MRR (mid-market),Industria de risco (DevTools/FinTech)
A-92a3af,Company_259,Cybersecurity,organic,3139.818181818182,30.0,Baixo,False,Canal de aquisicao (evento/ads),Faixa de MRR (mid-market),Industria de risco (DevTools/FinTech)
A-fd9422,Company_263,Cybersecurity,organic,3125.555555555556,29.9,Baixo,False,Canal de aquisicao (evento/ads),Faixa de MRR (mid-market),Industria de risco (DevTools/FinTech)
A-0cc442,Company_198,EdTech,organic,4764.2307692307695,29.0,Baixo,False,Canal de aquisicao (evento/ads),Faixa de MRR (mid-market),Industria de risco (DevTools/FinTech)
A-67be94,Company_276,EdTech,organic,3132.8571428571427,28.9,Baixo,False,Canal de aquisicao (evento/ads),Faixa de MRR (mid-market),Industria de risco (DevTools/FinTech)
A-b07346,Company_269,HealthTech,partner,6283.2,28.8,Baixo,True,Industria de risco (DevTools/FinTech),Faixa de MRR (mid-market),Canal de aquisicao (evento/ads)
A-6a7c9d,Company_324,Cybersecurity,organic,2605.6,28.2,Baixo,True,Canal de aquisicao (evento/ads),Faixa de MRR (mid-market),Industria de risco (DevTools/FinTech)
A-3793ee,Company_332,Cybersecurity,organic,3815.0,27.7,Baixo,False,Canal de aquisicao (evento/ads),Faixa de MRR (mid-market),Industria de risco (DevTools/FinTech)
A-7f8241,Company_42,EdTech,organic,2634.4,27.5,Baixo,True,Canal de aquisicao (evento/ads),Faixa de MRR (mid-market),Industria de risco (DevTools/FinTech)
A-dbc825,Company_252,EdTech,partner,2650.25,27.5,Baixo,False,Faixa de MRR (mid-market),Industria de risco (DevTools/FinTech),Historico de churn
A-2446e3,Company_241,EdTech,organic,3448.285714285714,27.5,Baixo,False,Canal de aquisicao (evento/ads),Faixa de MRR (mid-market),Industria de risco (DevTools/FinTech)
A-241e75,Company_242,EdTech,partner,718.8,27.5,Baixo,False,Faixa de MRR (mid-market),Industria de risco (DevTools/FinTech),Canal de aquisicao (evento/ads)
A-2b9d3e,Company_319,EdTech,partner,571.3333333333334,27.5,Baixo,False,Faixa de MRR (mid-market),Industria de risco (DevTools/FinTech),Canal de aquisicao (evento/ads)
A-71615e,Company_167,EdTech,organic,3131.769230769231,27.5,Baixo,False,Canal de aquisicao (evento/ads),Faixa de MRR (mid-market),Industria de risco (DevTools/FinTech)
A-5c9849,Company_362,EdTech,partner,4083.8888888888887,27.4,Baixo,False,Faixa de MRR (mid-market),Industria de risco (DevTools/FinTech),Taxa de escalacao alta
A-adc1f3,Company_98,Cybersecurity,organic,2956.4444444444443,27.4,Baixo,False,Canal de aquisicao (evento/ads),Faixa de MRR (mid-market),Industria de risco (DevTools/FinTech)
A-a865bd,Company_297,Cybersecurity,organic,4204.4,26.2,Baixo,False,Canal de aquisicao (evento/ads),Faixa de MRR (mid-market),Industria de risco (DevTools/FinTech)
A-a8b49c,Company_72,Cybersecurity,partner,963.9166666666666,26.2,Baixo,False,Faixa de MRR (mid-market),Industria de risco (DevTools/FinTech),Canal de aquisicao (evento/ads)
A-751bd4,Company_408,Cybersecurity,partner,95.0,26.2,Baixo,False,Faixa de MRR (mid-market),Industria de risco (DevTools/FinTech),Canal de aquisicao (evento/ads)
A-96bbc6,Company_342,Cybersecurity,organic,3803.25,26.2,Baixo,False,Canal de aquisicao (evento/ads),Faixa de MRR (mid-market),Industria de risco (DevTools/FinTech)
A-18793f,Company_488,EdTech,organic,7144.363636363636,25.9,Baixo,False,Canal de aquisicao (evento/ads),Industria de risco (DevTools/FinTech),Faixa de MRR (mid-market)
A-20736a,Company_271,EdTech,organic,5789.285714285715,25.0,Baixo,False,Canal de aquisicao (evento/ads),Industria de risco (DevTools/FinTech),Faixa de MRR (mid-market)
A-ac85cd,Company_485,EdTech,partner,3438.9166666666665,25.0,Baixo,False,Faixa de MRR (mid-market),Industria de risco (DevTools/FinTech),Historico de churn
A-30b4ca,Company_23,EdTech,organic,9492.25,25.0,Baixo,True,Canal de aquisicao (evento/ads),Industria de risco (DevTools/FinTech),Faixa de MRR (mid-market)
A-e19ff6,Company_411,Cybersecurity,partner,409.1666666666667,23.8,Baixo,False,Faixa de MRR (mid-market),Industria de risco (DevTools/FinTech),Canal de aquisicao (evento/ads)
A-39ddf4,Company_435,EdTech,partner,3981.777777777778,23.6,Baixo,False,Faixa de MRR (mid-market),Industria de risco (DevTools/FinTech),Canal de aquisicao (evento/ads)
A-91e948,Company_88,EdTech,partner,3127.714285714286,22.5,Baixo,False,Faixa de MRR (mid-market),Industria de risco (DevTools/FinTech),Canal de aquisicao (evento/ads)
A-855a48,Company_389,EdTech,partner,3797.0,22.5,Baixo,False,Faixa de MRR (mid-market),Industria de risco (DevTools/FinTech),Canal de aquisicao (evento/ads)
A-40a557,Company_86,Cybersecurity,partner,2591.555555555556,22.4,Baixo,False,Faixa de MRR (mid-market),Industria de risco (DevTools/FinTech),Canal de aquisicao (evento/ads)
A-b3fe05,Company_238,Cybersecurity,partner,2721.555555555556,22.4,Baixo,False,Faixa de MRR (mid-market),Industria de risco (DevTools/FinTech),Canal de aquisicao (evento/ads)
A-e3bd71,Company_347,Cybersecurity,partner,3784.545454545456,22.2,Baixo,False,Faixa de MRR (mid-market),Industria de risco (DevTools/FinTech),Canal de aquisicao (evento/ads)
A-ed510f,Company_361,Cybersecurity,partner,3616.2,22.2,Baixo,False,Faixa de MRR (mid-market),Industria de risco (DevTools/FinTech),Canal de aquisicao (evento/ads)
A-9174e0,Company_73,Cybersecurity,partner,3598.4,21.9,Baixo,False,Faixa de MRR (mid-market),Industria de risco (DevTools/FinTech),Canal de aquisicao (evento/ads)
A-56962b,Company_177,EdTech,partner,7800.714285714285,21.4,Baixo,False,Industria de risco (DevTools/FinTech),Faixa de MRR (mid-market),Canal de aquisicao (evento/ads)
A-c7ffc2,Company_392,Cybersecurity,partner,3009.333333333333,21.2,Baixo,False,Faixa de MRR (mid-market),Industria de risco (DevTools/FinTech),Canal de aquisicao (evento/ads)
A-1f0636,Company_368,EdTech,partner,8610.0,20.9,Baixo,False,Industria de risco (DevTools/FinTech),Faixa de MRR (mid-market),Canal de aquisicao (evento/ads)
A-5c046d,Company_130,EdTech,partner,10485.75,20.0,Baixo,False,Industria de risco (DevTools/FinTech),Faixa de MRR (mid-market),Canal de aquisicao (evento/ads)
A-c70870,Company_253,Cybersecurity,partner,5659.142857142857,18.8,Baixo,False,Faixa de MRR (mid-market),Industria de risco (DevTools/FinTech),Canal de aquisicao (evento/ads)
